1,3388,-62
1,2432,16
1,1017,98
1,642,120
1,4063,154
1,316,196
1,2304,22
1,441,146
1,1139,-98
1,915,36
1,4143,-70
1,3422,96
1,2079,102
1,4151,150
1,2201,40
1,4552,-176
1,36,-74
1,818,-192
1,1947,90
1,3957,30
1,4352,-128
1,2226,-94
1,3326,-138
1,508,-146
1,3746,-30
1,4117,-112
1,3878,-146
1,4815,-72
1,460,-62
1,1406,-118
1,4096,120
1,2037,-170
1,2678,80
1,1745,96
1,2984,-84
1,2359,-108
1,1232,132
1,1178,18
1,762,50
1,4779,-116
1,2355,108
1,4715,16
1,3727,128
1,1544,26
1,3678,-196
1,1934,-50
1,3169,-188
1,3562,170
1,4103,-162
1,3858,-44
1,4018,-72
1,4445,28
1,2965,82
1,1031,-6
1,2548,-104
1,2523,-54
1,4620,-128
1,1876,66
1,590,-190
1,2281,-146
1,3102,2
1,2415,40
1,3898,80
1,3679,-176
1,1844,44
1,4152,-182
1,1939,-42
1,2195,132
1,4460,-4
1,253,100
1,1467,-128
1,736,40
1,340,-186
1,3588,174
1,1377,-30
1,4720,-192
1,705,42
1,3725,-148
1,4419,46
1,2909,92
1,1975,140
1,1469,-116
1,2143,-132
1,553,-92
1,3492,-80
1,790,-108
1,1174,2
1,3423,-90
1,4212,-38
1,632,90
1,270,184
1,861,-96
1,291,-24
1,1458,-32
1,630,76
1,475,22
1,4633,56
1,4081,-10
1,4781,-186
1,1761,92
1,3083,164
1,4709,-170
1,3975,-70
1,3399,-178
1,2324,-16
1,2393,178
1,3845,-30
1,2416,-6
1,3805,170
1,4827,-160
1,1625,-128
1,1509,-192
1,4111,194
1,4854,118
1,4,-68
1,3448,-182
1,2581,192
1,3792,-26
1,1161,-34
1,834,-78
1,1999,-128
1,1203,148
1,2176,-104
1,1382,-154
1,4174,-38
1,2789,106
1,2822,10
1,4178,-92
1,342,-188
1,1362,136
1,4192,58
1,4617,114
1,996,44
1,357,-162
1,186,-90
1,1694,-154
1,2591,14
1,1343,78
1,1692,-20
1,1083,-172
1,2058,-56
1,2905,150
1,3196,-80
1,4452,196
1,3418,-146
1,2381,18
1,17,-196
1,324,-170
1,2071,126
1,931,62
1,4555,-184
1,4653,18
1,1445,-178
1,4037,-54
1,403,-114
1,3403,14
1,4553,186
1,1507,92
1,1522,-176
1,3099,164
1,2445,-72
1,2188,-18
1,2569,6
1,2794,194
1,92,30
1,4948,60
1,4941,16
1,4763,104
1,1754,40
1,4893,14
1,88,158
1,1642,-170
1,2963,-116
1,551,190
1,2447,70
1,1952,4
1,2291,142
1,3838,130
1,624,100
1,3758,-190
1,4797,-116
1,3293,-114
1,3833,34
1,2612,-42
1,162,-156
1,1993,86
1,2083,-184
1,3014,72
1,37,170
1,846,184
1,2877,-84
1,3347,100
1,4055,-64
1,4201,92
1,336,-132
1,3098,-8
1,2344,164
1,1561,18
1,4982,-122
1,4165,82
1,4247,-34
1,662,30
1,4853,-176
1,3740,-96
1,3184,-42
1,1486,-12
1,2410,-124
1,4299,-34
1,2535,40
1,2849,-122
1,27,146
1,965,68
1,3097,-112
1,72,-158
1,2948,68
1,2316,42
1,4491,-2
1,4965,-66
1,2412,194
1,117,-68
1,2212,-196
1,2925,-86
1,2838,38
1,577,188
1,772,-2
1,200,162
1,1756,-184
1,180,162
1,2406,156
1,3324,-170
1,4749,-178
1,4774,2
1,2302,94
1,2989,160
1,1603,-140
1,1120,-160
1,2215,60
1,1912,-160
1,2902,-18
1,1086,-146
1,174,64
1,3533,-60
1,1239,-56
1,3311,148
1,4835,94
1,3814,130
1,3817,30
1,4771,128
1,1974,-86
1,3783,88
1,2245,-118
1,1658,-8
1,413,118
1,3411,-78
1,4093,-10
1,1383,22
1,1124,38
1,4330,-28
1,4013,96
1,2244,120
1,2590,188
1,1779,66
1,1130,24
1,645,-18
1,3523,-70
1,1558,-138
1,4502,-74
1,2774,106
1,2786,178
1,1707,-192
1,2602,76
1,3644,54
1,375,-54
1,1613,152
1,455,-18
1,4298,178
1,1476,-82
1,854,-198
1,724,-24
1,1392,172
1,2388,12
1,262,28
1,543,-50
1,3798,190
1,638,138
1,165,-50
1,2806,196
1,621,164
1,1224,130
1,3343,140
1,51,194
1,489,160
1,665,54
1,1247,-160
1,2711,94
1,4362,-164
1,4169,120
1,3953,-76
1,2592,190
1,881,174
1,435,-164
1,1985,24
1,4453,110
1,4114,-158
1,3871,-100
1,2623,-26
1,1793,44
1,2799,-76
1,3513,-78
1,1494,112
1,2680,-54
1,1626,-138
1,2420,104
1,3018,86
1,1848,-172
1,3247,172
1,1539,-106
1,1317,-166
1,1720,-156
1,1951,-92
1,224,-118
1,2027,60
1,1548,196
1,3779,4
1,3724,-98
1,1524,-180
1,2704,-92
1,1973,-26
1,4529,26
1,4605,-152
1,4604,-18
1,617,-28
1,4516,-40
1,4170,136
1,2622,128
1,4242,164
1,2094,-184
1,1765,-4
1,3177,-130
1,1133,-88
1,4217,-76
1,3571,-38
1,1067,-162
1,2147,-108
1,706,-162
1,3535,-56
1,3813,12
1,2471,-16
1,4068,-144
1,3461,-2
1,3769,20
1,1935,40
1,2320,-104
1,2873,14
1,210,66
1,2808,-138
1,4255,152
1,3963,-116
1,4837,14
1,1954,-146
1,2391,-112
1,3526,-72
1,4795,-102
1,3215,-94
1,2584,-116
1,141,-74
1,4336,-142
1,292,138
1,2865,130
1,2608,-70
1,3937,-64
1,2918,-172
1,2219,176
1,1798,18
1,977,66
1,580,-154
1,2574,40
1,3284,82
1,1800,78
1,1462,164
1,4418,-66
1,4069,42
1,714,-32
1,2424,156
1,1891,130
1,3568,-120
1,1679,42
1,2148,-114
1,918,-52
1,2267,-18
1,2525,-170
1,1807,154
1,4052,130
1,560,-30
1,629,64
1,3067,72
1,3763,-124
1,3552,-28
1,1809,108
1,2387,118
1,1896,-74
1,3931,120
1,1007,10
1,49,-22
1,1851,90
1,1930,-68
1,2133,-192
1,1526,-84
1,329,-50
1,2658,-194
1,4530,-170
1,588,-52
1,3206,-2
1,1599,40
1,3852,150
1,2473,-70
1,2818,70
1,4608,142
1,1409,-160
1,1012,-150
1,4660,124
1,4399,84
1,4045,134
1,1330,-142
1,2605,-70
1,2024,-42
1,4508,-176
1,3186,-200
1,2594,56
1,3342,134
1,196,122
1,1791,80
1,1107,-80
1,2790,32
1,2185,-70
1,539,44
1,4785,-194
1,719,80
1,3996,-130
1,306,-10
1,388,176
1,725,170
1,2597,-32
1,2436,84
1,2341,-22
1,179,-32
1,1904,-178
1,1705,-50
1,3384,-64
1,4176,176
1,4543,-118
1,4862,118
1,4666,58
1,96,-186
1,1284,-94
1,248,70
1,982,-26
1,4364,80
1,1566,-144
1,2142,-176
1,2660,-28
1,449,148
1,1836,-28
1,4716,-54
1,614,-126
1,1434,-64
1,877,-64
1,2576,134
1,1134,56
1,4871,58
1,672,24
1,1631,-144
1,3319,42
1,361,-188
1,3902,-92
1,798,126
1,1784,-188
1,67,-18
1,3035,-182
1,2091,-42
1,2277,-54
1,3516,132
1,234,-86
1,1223,-22
1,2545,-6
1,1056,-122
1,3348,56
1,1170,88
1,4102,-104
1,494,-30
1,3180,86
1,3844,68
1,1364,84
1,1057,-160
1,143,-70
1,3316,172
1,4832,150
1,1885,154
1,2265,74
1,1925,-98
1,4046,190
1,2482,114
1,3126,-14
1,942,-30
1,1616,-72
1,1969,-82
1,3223,70
1,1472,184
1,1059,-64
1,3191,-112
1,1221,-104
1,4662,-78
1,4867,132
1,4974,40
1,2872,-96
1,514,144
1,1618,-8
1,4518,40
1,4613,110
1,2033,-184
1,3211,-52
1,1674,-16
1,3700,46
1,2092,42
1,4954,196
1,4315,108
1,4664,46
1,1778,98
1,4354,-12
1,893,-142
1,972,-18
1,103,-34
1,1108,-172
1,3713,-96
1,3660,16
1,4927,86
1,920,-28
1,4228,144
1,4589,-188
1,2158,144
1,582,-124
1,796,6
1,3198,-102
1,1884,152
1,3368,-106
1,810,-104
1,2934,134
1,3269,132
1,4869,168
1,2985,-38
1,573,-76
1,1207,166
1,4905,58
1,4975,22
1,3081,106
1,2461,-10
1,1742,100
1,4006,40
1,4926,-166
1,2614,-26
1,1716,-66
1,1570,-82
1,677,58
1,1834,-14
1,2514,-104
1,801,130
1,1142,116
1,3053,134
1,2032,-42
1,1111,-96
1,913,-136
1,4190,-102
1,1751,-74
1,3172,60
1,4154,48
1,3013,-80
1,3429,46
1,3563,74
1,4392,156
1,4621,-142
1,1624,140
1,1666,38
1,3200,-26
1,4497,182
1,1596,172
1,1990,178
1,2787,-182
1,529,182
1,2408,174
1,64,-4
1,3961,-26
1,2813,-162
1,4028,4
1,102,152
1,3349,-4
1,3299,44
1,3095,-54
1,2892,108
1,3136,-100
1,1181,168
1,2887,-44
1,2729,128
1,2693,-196
1,399,112
1,405,190
1,2874,148
1,2695,-64
1,2468,-118
1,4473,34
1,4316,-160
1,1922,58
1,3960,192
1,1541,68
1,2390,-132
1,4849,-142
1,2464,142
1,3369,146
1,2986,-92
1,680,-200
1,748,48
1,2854,162
1,1322,20
1,3749,56
1,4790,164
1,534,-30
1,1819,-48
1,2342,108
1,2423,-172
1,4546,52
1,4908,-64
1,4486,-84
1,1236,100
1,2715,14
1,1709,24
1,1146,12
1,3924,-154
1,2922,-58
1,1856,20
1,3225,162
1,3965,10
1,3380,116
1,4939,98
1,1605,-174
1,3280,-192
1,552,52
1,2005,-168
1,1837,-38
1,1125,-60
1,1771,142
1,3864,-44
1,3401,-16
1,35,152
1,2205,-72
1,5000,62
1,3345,-184
1,3015,-130
1,4492,156
1,4303,42
1,1781,118
1,1629,-26
1,1560,90
1,805,84
1,2510,-162
1,4348,-86
1,1291,-122
1,4305,-70
1,2587,-24
1,4931,80
1,2551,-176
1,956,-78
1,4610,110
1,1938,84
1,1998,-16
1,2131,-156
1,2501,-68
1,1643,26
1,4713,-70
1,1498,-102
1,4603,80
1,3205,-198
1,622,-134
1,3145,-122
1,1460,176
1,293,104
1,655,-48
1,2805,24
1,1622,22
1,4015,106
1,3254,108
1,2847,-150
1,4881,-172
1,4863,-102
1,3506,66
1,519,-66
1,2686,62
1,28,114
1,266,-48
1,1307,-184
1,4054,138
1,3455,-174
1,811,-122
1,4677,60
1,3391,136
1,611,-136
1,4289,-44
1,2275,-82
1,4547,-74
1,203,-78
1,402,-44
1,2028,68
1,3851,-50
1,890,-102
1,1980,196
1,2511,148
1,2883,8
1,3985,-62
1,2045,-150
1,351,-56
1,4283,156
1,3419,-98
1,3831,86
1,1968,-106
1,4405,-148
1,2225,120
1,4523,100
1,2788,144
1,4627,-2
1,4344,-158
1,4312,-118
1,4809,16
1,438,-136
1,3855,74
1,383,-108
1,407,48
1,4341,-44
1,66,-124
1,2990,42
1,228,-110
1,4978,-58
1,2242,-152
1,4802,-38
1,4754,84
1,1513,-86
1,930,172
1,2604,-120
1,1040,-32
1,1102,-158
1,2100,18
1,4840,34
1,1833,82
1,4639,-194
1,2458,-154
1,2203,186
1,2681,180
1,2099,-72
1,3167,-70
1,1928,-176
1,4451,-148
1,3117,30
1,2888,-40
1,4629,16
1,3531,88
1,1301,-88
1,1948,-58
1,2243,14
1,1095,-56
1,1359,-166
1,3657,-170
1,308,156
1,1451,-10
1,2124,-122
1,4883,-124
1,2843,-90
1,1665,32
1,3949,-94
1,1395,142
1,4073,-110
1,3635,118
1,215,150
1,3073,176
1,2460,-116
1,3707,-194
1,3272,-192
1,410,-86
1,3470,-128
1,216,106
1,4848,-184
1,349,-172
1,3652,-26
1,2879,-4
1,3666,8
1,4750,106
1,3070,180
1,3995,194
1,3113,8
1,3,-148
1,1118,162
1,4503,116
1,1518,-138
1,4847,58
1,3580,-146
1,2634,-60
1,4984,32
1,2380,-2
1,1013,-26
1,4265,-18
1,2824,104
1,849,-124
1,4094,62
1,206,-98
1,1893,42
1,521,-66
1,3577,-88
1,2352,-176
1,2135,184
1,4839,-76
1,2476,-60
1,786,-156
1,4098,-142
1,2791,24
1,679,68
1,3529,-94
1,3560,16
1,371,88
1,2938,-8
1,722,-82
1,4401,-70
1,924,130
1,836,80
1,2494,-98
1,2980,158
1,2326,-138
1,3925,-184
1,2425,-168
1,4522,50
1,3127,-38
1,2377,-122
1,454,6
1,3460,162
1,4860,54
1,3502,162
1,3548,110
1,1149,198
1,523,154
1,4578,-166
1,122,80
1,3619,120
1,3723,130
1,3084,-190
1,2173,-112
1,2707,172
1,4814,-6
1,3308,36
1,3643,-46
1,1485,136
1,277,-36
1,1249,6
1,3659,-198
1,4333,-182
1,752,-50
1,1693,-198
1,1957,40
1,3861,-72
1,2776,186
1,3290,-40
1,1769,158
1,4527,-114
1,3697,-134
1,783,-56
1,955,144
1,1660,-192
1,720,180
1,1651,-64
1,3574,-94
1,3475,-126
1,1016,72
1,4384,-80
1,343,-12
1,2702,-130
1,976,-200
1,3121,84
1,1824,-110
1,4427,-72
1,4461,-190
1,11,134
1,2628,-40
1,1114,100
1,901,-146
1,3748,128
1,4065,68
1,3104,-154
1,327,-42
1,74,-176
1,251,-18
1,2498,68
1,2403,-172
1,296,100
1,298,46
1,302,-64
1,585,-82
1,3625,-182
1,1635,-100
1,53,-74
1,2688,196
1,2845,-90
1,4887,118
1,4591,100
1,4949,162
1,2719,-20
1,3936,-32
1,663,12
1,8,194
1,3684,176
1,3088,-44
1,4762,16
1,669,2
1,3165,94
1,1286,160
1,3621,84
1,161,-144
1,2399,-62
1,3246,-42
1,18,-72
1,2534,178
1,4447,194
1,4968,-94
1,2318,-8
1,2919,-188
1,1054,-82
1,4833,-96
1,320,50
1,4528,-32
1,2716,-22
1,634,-128
1,1706,62
1,4821,-34
1,673,6
1,2280,-156
1,471,130
1,3232,-112
1,3333,90
1,2621,-110
1,4698,-198
1,4376,-168
1,1186,34
1,1911,-170
1,916,18
1,1684,-106
1,2426,102
1,426,-12
1,1788,184
1,2585,-18
1,4649,120
1,169,10
1,515,4
1,3436,62
1,4526,-200
1,2617,-136
1,2378,178
1,691,60
1,2505,-112
1,353,-160
1,3940,-88
1,4175,134
1,678,-78
1,820,40
1,214,146
1,1667,198
1,4765,-154
1,894,102
1,4077,-4
1,3906,-66
1,2249,142
1,22,-52
1,3314,12
1,1262,-106
1,1173,-48
1,2055,-142
1,2816,78
1,4675,38
1,4585,-82
1,1991,6
1,4318,-66
1,2632,122
1,2269,34
1,2177,46
1,3493,-188
1,4259,-38
1,4120,190
1,878,70
1,2601,146
1,3108,32
1,2409,142
1,4861,178
1,2335,-38
1,768,108
1,2417,-62
1,4995,-6
1,3546,136
1,2310,-192
1,4884,168
1,4207,112
1,4237,42
1,745,-178
1,2583,104
1,2557,-154
1,4162,28
1,3984,24
1,287,-76
1,3248,74
1,4219,64
1,2603,-24
1,412,-146
1,4346,184
1,3728,-112
1,1918,186
1,1357,152
1,158,20
1,1601,134
1,2885,186
1,3490,46
1,2383,-20
1,153,70
1,1630,-148
1,2797,88
1,2882,190
1,3803,142
1,3471,-82
1,2580,92
1,2766,-118
1,1329,-156
1,3154,-48
1,1,-168
1,167,26
1,3255,-86
1,1886,152
1,4369,60
1,900,-10
1,3264,-132
1,3413,-198
1,3578,-108
1,1220,112
1,3133,54
1,360,-162
1,2040,122
1,3938,-122
1,3155,16
1,334,-72
1,731,-22
1,1418,-90
1,3764,118
1,1744,-70
1,879,112
1,4273,30
1,3008,-100
1,2596,-178
1,2298,-114
1,661,74
1,3163,-22
1,4222,-184
1,3986,112
1,1270,112
1,4707,-18
1,1295,176
1,1010,48
1,1758,60
1,1965,28
1,4644,44
1,1192,62
1,2842,82
1,2405,2
1,3705,110
1,1823,-76
1,1272,132
1,2769,174
1,737,-146
1,4996,46
1,1929,82
1,2191,-48
1,1003,-52
1,1923,170
1,3753,-124
1,4138,170
1,3703,84
1,3193,-56
1,3835,60
1,4439,-192
1,4428,-18
1,3528,138
1,341,84
1,2389,-196
1,3488,124
1,1701,68
1,1234,-14
1,2571,102
1,2299,116
1,138,-46
1,2931,28
1,3921,-194
1,4183,60
1,2140,-184
1,208,-66
1,2234,34
1,1688,174
1,2204,76
1,2209,126
1,851,48
1,3691,58
1,3356,-102
1,2610,-196
1,3775,-32
1,1412,28
1,4393,-78
1,323,-174
1,1512,42
1,2087,-156
1,4601,44
1,2288,-48
1,687,-170
1,2018,90
1,4836,-90
1,997,144
1,623,116
1,3825,6
1,2784,-138
1,4394,56
1,1076,-132
1,304,-130
1,664,-18
1,2947,-70
1,3496,112
1,3199,40
1,4434,-6
1,1870,-140
1,3935,-144
1,4903,-56
1,3189,68
1,1316,170
1,3229,-50
1,572,174
1,3256,156
1,2472,-38
1,98,-102
1,4034,96
1,1640,72
1,4843,122
1,261,-108
1,936,-154
1,332,-146
1,4211,146
1,268,-100
1,2060,20
1,73,-190
1,2454,34
1,3889,-96
1,178,182
1,2000,158
1,946,136
1,4496,-180
1,1656,80
1,4155,-186
1,2690,-26
1,4983,-180
1,2123,-4
1,3162,-156
1,505,16
1,2202,-64
1,4582,142
1,1154,60
1,2428,42
1,1337,-114
1,3479,-100
1,3481,120
1,2362,-162
1,461,-114
1,1583,96
1,3518,160
1,4803,22
1,4199,76
1,2376,-182
1,2740,-132
1,1326,44
1,3609,142
1,3107,-54
1,3087,168
1,730,-124
1,3968,136
1,4952,-68
1,4003,-24
1,2333,2
1,1574,10
1,686,-176
1,1580,-188
1,969,110
1,3738,172
1,2034,42
1,646,84
1,4122,-142
1,1080,6
1,637,-54
1,4326,-178
1,2101,-40
1,101,22
1,3918,-142
1,4900,56
1,869,-130
1,2626,-160
1,2577,-138
1,4110,-76
1,4615,80
1,3294,128
1,1936,-114
1,616,96
1,2451,90
1,3585,-110
1,1924,-192
1,4922,64
1,2802,-48
1,993,-52
1,1585,52
1,876,-176
1,4830,42
1,144,102
1,2257,112
1,1123,110
1,700,2
1,4210,144
1,271,32
1,63,-34
1,1008,-180
1,2844,-100
1,2273,-84
1,1983,-34
1,2429,8
1,4414,-108
1,2756,-26
1,3735,140
1,1293,102
1,4510,150
1,4321,-76
1,4717,-64
1,2537,82
1,1196,74
1,2832,98
1,3626,-72
1,2820,82
1,4760,-114
1,3638,132
1,1874,124
1,1407,32
1,3584,184
1,1578,-148
1,4377,144
1,3428,-88
1,808,-134
1,2396,72
1,4525,-102
1,1416,-94
1,2450,170
1,4761,-2
1,4846,-78
1,3497,130
1,3589,-34
1,4030,-148
1,4733,48
1,3295,60
1,2499,-180
1,1367,-154
1,3973,192
1,2469,-164
1,3689,-4
1,2696,192
1,3990,2
1,531,86
1,1860,-186
1,4758,16
1,4223,44
1,1767,104
1,1068,-96
1,728,-104
1,244,-58
1,1786,96
1,712,-100
1,2894,146
1,3151,-184
1,4182,-74
1,2561,70
1,3561,182
1,4004,-94
1,2178,-18
1,838,-172
1,3715,156
1,3079,-194
1,2900,122
1,2949,96
1,2521,58
1,2386,-188
1,4415,166
1,4239,-50
1,2705,190
1,2519,106
1,363,90
1,650,-74
1,3137,-90
1,4645,-92
1,1136,78
1,4359,-128
1,3148,-98
1,3743,52
1,1153,-34
1,3020,-48
1,1725,106
1,1129,-10
1,4562,-160
1,764,-40
1,1020,-96
1,3974,112
1,3928,150
1,675,162
1,1009,-46
1,1227,52
1,1636,36
1,2839,8
1,3811,-198
1,1686,28
1,542,2
1,2945,-78
1,1328,-8
1,639,42
1,4532,68
1,2261,-6
1,1430,190
1,2866,-34
1,962,98
1,129,60
1,4400,-158
1,3967,-34
1,917,-24
1,1251,10
1,2199,160
1,4689,-16
1,4074,168
1,3788,74
1,940,4
1,1002,-122
1,3773,26
1,2213,94
1,1611,48
1,1628,-28
1,3138,-180
1,3992,70
1,1104,-16
1,4226,104
1,3033,132
1,2814,-6
1,3904,-10
1,29,-78
1,4060,8
1,1261,96
1,3671,92
1,4895,104
1,3511,-28
1,2337,64
1,100,-36
1,694,104
1,3710,108
1,2771,-194
1,4476,-36
1,1620,148
1,1897,110
1,2517,86
1,4189,78
1,1516,-42
1,1126,-52
1,493,-116
1,3037,-146
1,2527,-40
1,4236,190
1,576,44
1,606,-92
1,3344,-36
1,1156,-78
1,4680,12
1,816,132
1,2641,30
1,1536,-120
1,2734,174
1,963,-30
1,2048,172
1,4542,-8
1,1515,-164
1,3352,-92
1,882,-110
1,3640,-194
1,1550,178
1,2738,-152
1,4558,-76
1,2817,-176
1,408,28
1,2516,-30
1,1740,-194
1,4053,-198
1,259,-68
1,509,18
1,3822,-142
1,4721,-116
1,4838,-108
1,907,-146
1,4907,108
1,1201,114
1,1117,66
1,899,38
1,2645,66
1,688,-62
1,788,-30
1,4495,-70
1,2165,160
1,4458,-62
1,204,-192
1,3218,-162
1,2492,78
1,4823,2
1,2039,2
1,3559,38
1,4058,170
1,3512,-124
1,914,-122
1,1420,-140
1,356,-58
1,3473,-142
1,241,-12
1,855,186
1,3744,-28
1,2315,14
1,3201,-76
1,1061,-96
1,382,-110
1,2477,72
1,2080,148
1,945,-114
1,4202,-44
1,2530,178
1,4302,-84
1,835,-34
1,3751,-176
1,4185,114
1,4992,4
1,207,16
1,2053,156
1,4307,2
1,1214,-128
1,188,10
1,1861,-8
1,2573,-22
1,4253,38
1,2128,182
1,1892,-124
1,2708,70
1,2674,-124
1,1814,82
1,4328,-98
1,160,-88
1,344,96
1,205,-156
1,3043,62
1,2886,140
1,305,76
1,2718,-34
1,3942,-164
1,400,-72
1,3521,-12
1,986,58
1,1806,8
1,2097,152
1,1346,-194
1,231,-124
1,3501,60
1,883,106
1,2332,-72
1,433,42
1,1209,86
1,2264,-132
1,3003,86
1,2413,-136
1,1818,116
1,618,98
1,4493,-80
1,2506,14
1,318,182
1,457,194
1,501,124
1,3875,-10
1,4775,-174
1,1004,136
1,4251,70
1,4197,20
1,3235,154
1,2282,-4
1,4499,-80
1,3239,-68
1,4355,-48
1,3670,-18
1,1466,-20
1,1962,-58
1,4070,24
1,3517,72
1,3866,-82
1,4549,-118
1,4500,-84
1,1019,134
1,1429,-144
1,4979,164
1,575,182
1,1500,26
1,1492,22
1,3173,-118
1,2928,78
1,682,-136
1,4865,-200
1,279,190
1,4459,-146
1,1649,178
1,4697,-46
1,1159,32
1,1519,-104
1,1839,-112
1,871,44
1,3278,66
1,1342,28
1,2307,-162
1,1172,-32
1,3628,-98
1,4000,94
1,3888,170
1,1285,144
1,571,-8
1,3142,-134
1,1978,-150
1,447,120
1,4879,138
1,1281,-14
1,2974,18
1,119,-72
1,2293,74
1,2105,-138
1,424,168
1,3820,134
1,1820,180
1,3433,-66
1,763,166
1,443,-140
1,2582,120
1,89,46
1,2250,-42
1,980,-172
1,462,136
1,3553,6
1,2757,158
1,3629,106
1,2502,-46
1,380,-178
1,4647,20
1,3061,114
1,2951,-194
1,4541,-94
1,3731,-12
1,4425,122
1,1932,190
1,4866,90
1,3857,148
1,1483,198
1,2546,174
1,4221,10
1,4300,172
1,643,40
1,4686,-56
1,3919,-170
1,1587,170
1,3850,64
1,55,132
1,842,84
1,4588,-58
1,985,-26
1,1995,-38
1,1933,-32
1,970,-124
1,1072,-46
1,1366,44
1,3631,-92
1,445,166
1,4694,168
1,3051,-62
1,3503,116
1,3627,-158
1,1182,-32
1,3257,130
1,3000,194
1,2765,18
1,3685,150
1,3276,-30
1,2520,156
1,2220,132
1,3729,-142
1,3330,12
1,3372,56
1,689,-184
1,898,144
1,110,70
1,4806,-134
1,3982,8
1,3611,-90
1,4745,-140
1,2004,138
1,1528,120
1,1914,-164
1,4342,24
1,3182,164
1,4894,-194
1,2864,-34
1,4611,6
1,506,110
1,2007,-106
1,2856,46
1,1675,8
1,1191,-114
1,4390,-126
1,1828,-62
1,2500,-98
1,717,-68
1,631,-10
1,85,86
1,227,196
1,3358,-132
1,1308,38
1,4205,-142
1,4231,144
1,4387,146
1,3959,-16
1,1653,184
1,1868,56
1,4650,168
1,933,196
1,3459,188
1,467,-2
1,2701,4
1,1499,-140
1,3778,-108
1,4554,166
1,1505,2
1,2586,24
1,2070,188
1,4859,78
1,922,-162
1,3093,-142
1,4841,182
1,1511,-44
1,3600,54
1,3277,-32
1,2720,-74
1,1024,-138
1,152,92
1,13,-14
1,715,-136
1,249,16
1,1145,112
1,4483,-194
1,4535,154
1,721,42
1,4569,62
1,3230,-192
1,4729,-88
1,538,112
1,2825,80
1,1981,194
1,540,116
1,3885,72
1,4517,86
1,484,172
1,1029,170
1,52,-180
1,243,126
1,1687,-200
1,1841,142
1,425,-2
1,695,-190
1,354,82
1,1690,56
1,4625,-114
1,4576,44
1,4573,-28
1,4121,4
1,2479,8
1,2365,-52
1,1300,138
1,690,-186
1,4440,-110
1,2607,-2
1,2611,-150
1,439,-132
1,3534,174
1,3879,60
1,868,154
1,1489,92
1,468,140
1,4973,-38
1,3922,-174
1,1777,-94
1,1082,112
1,4937,60
1,2926,-6
1,4085,6
1,4062,-192
1,814,32
1,3947,-112
1,2317,182
1,2144,182
1,273,140
1,3645,140
1,1717,30
1,2976,-100
1,4101,-176
1,1597,68
1,497,-18
1,4798,6
1,4933,-46
1,4335,-192
1,4294,-106
1,4877,44
1,4126,-18
1,2714,148
1,1081,70
1,3505,-26
1,3179,24
1,2648,84
1,3373,18
1,1070,-24
1,2777,16
1,1193,-96
1,3672,132
1,4681,-88
1,4086,154
1,384,28
1,2851,-132
1,3412,68
1,1050,-96
1,4468,170
1,1393,98
1,3022,-2
1,1702,-186
1,579,38
1,1606,-86
1,4044,52
1,1979,-12
1,4506,98
1,2881,-12
1,2671,134
1,3717,110
1,4936,146
1,4285,-64
1,4373,-98
1,2155,-180
1,2221,-108
1,999,-176
1,1215,-2
1,3395,144
1,4026,-52
1,2804,40
1,2231,-46
1,4813,-158
1,459,188
1,627,118
1,2457,130
1,3317,134
1,4769,-104
1,3597,-8
1,1940,-18
1,2796,-124
1,3790,-86
1,4005,-24
1,91,144
1,476,88
1,2047,40
1,4822,-66
1,3267,-78
1,4630,-24
1,2746,118
1,2640,138
1,77,-50
1,2431,96
1,2222,54
1,406,114
1,2130,-54
1,398,-184
1,1801,-196
1,3474,24
1,4990,138
1,3927,92
1,1945,-190
1,223,140
1,1961,-130
1,4001,-10
1,2665,-124
1,1066,-116
1,1277,128
1,604,110
1,189,-102
1,676,-124
1,1997,48
1,1845,128
1,3808,186
1,3023,-164
1,3147,-114
1,1278,80
1,2218,68
1,3329,-24
1,3007,64
1,3185,94
1,4144,-94
1,3859,-50
1,1219,180
1,1345,-88
1,3555,2
1,2760,-4
1,59,-100
1,771,-148
1,389,68
1,4435,34
1,596,-8
1,436,40
1,1474,80
1,2439,60
1,2869,-180
1,3818,-82
1,774,58
1,1927,-18
1,4331,-74
1,3268,88
1,1696,-30
1,4514,-112
1,2670,32
1,2057,92
1,4928,-160
1,3487,-106
1,2750,124
1,4042,18
1,1887,-106
1,2988,-92
1,3576,72
1,2728,-174
1,1864,158
1,2354,-32
1,2897,-114
1,4828,76
1,938,138
1,2081,178
1,1217,-12
1,1204,90
1,3032,38
1,391,-104
1,2512,192
1,2978,88
1,3747,96
1,99,82
1,2196,-196
1,1571,-168
1,3630,166
1,1064,-148
1,2743,-22
1,1143,192
1,2121,58
1,3351,-190
1,2932,90
1,4142,168
1,346,92
1,4943,-54
1,2943,76
1,1077,164
1,3771,128
1,233,62
1,3799,-176
1,4147,-62
1,3908,170
1,451,174
1,1363,-24
1,2697,-76
1,1309,-82
1,4679,-54
1,245,62
1,4646,86
1,4824,-76
1,4735,138
1,2274,80
1,1468,-136
1,1731,146
1,550,56
1,107,30
1,3812,-156
1,4091,-102
1,958,126
1,2368,-116
1,2547,136
1,3737,-152
1,3767,30
1,1673,-188
1,602,-30
1,4314,120
1,4282,192
1,3453,-126
1,288,46
1,2206,-96
1,2968,-174
1,220,-98
1,322,136
1,2739,58
1,2560,18
1,1569,-146
1,2323,20
1,2964,-18
1,4571,138
1,2010,22
1,928,112
1,30,6
1,2541,-66
1,495,146
1,4484,72
1,873,-126
1,3325,-150
1,2987,160
1,807,12
1,3469,-46
1,3581,-88
1,4340,-180
1,221,114
1,1344,-26
1,2263,-30
1,2162,-58
1,2982,-136
1,858,120
1,4994,-54
1,773,-70
1,2493,14
1,20,-194
1,806,156
1,1381,108
1,3364,50
1,3427,-34
1,3109,-36
1,1334,-138
1,1685,188
1,2558,168
1,444,-164
1,2043,116
1,779,-96
1,3160,-26
1,1747,118
1,3941,-184
1,421,156
1,1852,-36
1,2109,100
1,3997,146
1,3911,186
1,2627,34
1,491,110
1,1296,-46
1,2082,102
1,3754,-156
1,3830,-184
1,1950,-38
1,3381,-84
1,1423,98
1,1677,-132
1,1647,116
1,2712,-46
1,1240,-106
1,603,-96
1,26,-138
1,4465,-190
1,3183,52
1,546,66
1,275,-34
1,3442,82
1,2270,166
1,2923,-104
1,1871,184
1,4014,-34
1,111,6
1,4804,-140
1,1368,110
1,1529,-178
1,134,124
1,2912,-114
1,2014,-66
1,3263,74
1,2508,-140
1,2023,158
1,2187,30
1,2666,184
1,3171,-192
1,3336,-70
1,2647,-172
1,4107,96
1,2279,-180
1,1165,-118
1,4145,-80
1,1799,82
1,4587,38
1,2455,-140
1,2223,-106
1,3809,-138
1,2528,122
1,4365,-38
1,2366,-168
1,4481,192
1,1610,32
1,4722,166
1,3291,130
1,1908,162
1,2752,-104
1,3970,136
1,1269,-158
1,4938,168
1,1748,24
1,738,58
1,4437,-136
1,1782,66
1,530,-180
1,4130,-148
1,1205,144
1,1987,-140
1,347,-20
1,1216,180
1,2726,-108
1,3052,192
1,133,-44
1,1371,-198
1,1088,-162
1,1648,60
1,1721,-124
1,2904,134
1,2809,80
1,895,-114
1,1266,-138
1,1774,56
1,314,-96
1,3466,-114
1,4368,-132
1,1790,134
1,2394,-112
1,3695,46
1,990,46
1,3681,180
1,905,-108
1,3045,102
1,3398,168
1,3998,-166
1,911,-58
1,1746,146
1,4343,-48
1,4672,82
1,3766,-184
1,2763,-180
1,1206,92
1,4027,-74
1,3313,-170
1,4388,-64
1,2102,-118
1,3217,-114
1,3031,124
1,4118,98
1,4626,-102
1,3622,-36
1,1314,-122
1,3449,-158
1,3245,148
1,1902,-52
1,3624,104
1,503,18
1,173,-108
1,887,68
1,3430,-112
1,2924,188
1,3353,-180
1,1353,60
1,4374,186
1,2141,-90
1,823,-30
1,532,-134
1,2821,164
1,4332,66
1,1255,-58
1,4287,158
1,4008,104
1,1532,-36
1,4043,-16
1,973,108
1,106,114
1,3774,-8
1,4288,124
1,4731,160
1,2996,30
1,3288,-62
1,4166,110
1,154,-130
1,2020,192
1,1098,58
1,149,-60
1,2692,-160
1,2110,-132
1,1919,146
1,4870,-30
1,3656,28
1,1713,150
1,3966,38
1,4113,-116
1,583,104
1,4351,90
1,2691,-120
1,4657,54
1,1438,6
1,32,-122
1,409,74
1,1128,-44
1,707,74
1,3840,-74
1,3024,32
1,2180,90
1,1179,58
1,2407,104
1,4261,-100
1,2725,-158
1,2536,-184
1,213,-20
1,1949,-24
1,1202,-14
1,2890,62
1,2360,46
1,3089,-198
1,2017,116
1,473,62
1,1889,-108
1,3383,-34
1,4313,-72
1,4462,-188
1,2767,156
1,1552,190
1,2448,-166
1,4310,36
1,2884,-200
1,2915,60
1,1456,118
1,3979,184
1,118,16
1,368,170
1,3375,-114
1,2198,92
1,4912,166
1,193,166
1,951,6
1,3607,-76
1,258,-38
1,1222,-188
1,651,108
1,2319,-124
1,923,-34
1,561,-12
1,190,-76
1,3016,72
1,4140,100
1,3042,180
1,713,-28
1,3457,-54
1,2685,-70
1,4407,-128
1,4953,-200
1,2322,150
1,4566,160
1,555,-118
1,2679,108
1,4917,-100
1,584,-88
1,4942,-38
1,4039,164
1,1805,146
1,4350,-146
1,1464,-30
1,4947,20
1,2168,114
1,4918,-112
1,1573,-126
1,4967,-162
1,1394,194
1,257,-8
1,128,148
1,4652,82
1,4181,-186
1,2357,98
1,4380,2
1,3114,-34
1,4710,110
1,1517,100
1,4325,100
1,3046,-66
1,2372,190
1,4416,110
1,3261,-8
1,2442,-76
1,2700,-182
1,1018,-24
1,3048,80
1,2069,-62
1,4963,-58
1,4655,76
1,194,44
1,1400,90
1,3688,-34
1,4898,74
1,4267,42
1,4946,-82
1,794,26
1,125,98
1,175,-52
1,2552,-4
1,3849,-184
1,2759,-36
1,3756,-62
1,1971,60
1,1661,-182
1,38,-90
1,4818,120
1,3536,4
1,2229,36
1,2709,50
1,4409,52
1,4172,-182
1,2751,-32
1,2694,184
1,4612,-96
1,2490,132
1,4915,22
1,608,-68
1,4619,194
1,4258,-42
1,202,-2
1,1365,-52
1,1321,92
1,1331,-58
1,431,46
1,2166,-22
1,4684,-100
1,3118,150
1,3366,74
1,1264,-138
1,3734,-66
1,845,176
1,3341,78
1,137,-28
1,3233,-176
1,979,-132
1,569,134
1,2911,-50
1,2411,18
1,3407,-192
1,2062,-142
1,4379,-4
1,127,46
1,1796,-126
1,1850,172
1,3977,36
1,260,-6
1,1242,152
1,4195,-136
1,4278,6
1,2217,80
1,4568,-134
1,1109,-102
1,1543,72
1,381,-188
1,1256,72
1,2241,106
1,1659,58
1,2649,24
1,1581,116
1,2933,14
1,2113,66
1,2522,40
1,3752,140
1,2703,94
1,19,-160
1,2570,182
1,784,-144
1,415,-56
1,364,182
1,4892,122
1,1699,-184
1,3944,22
1,4746,-142
1,1840,62
1,1504,134
1,723,-10
1,2348,-126
1,24,-68
1,3273,-90
1,7,182
1,3702,38
1,4262,80
1,4524,90
1,2193,-174
1,2955,-30
1,1600,48
1,4920,138
1,1062,176
1,3802,58
1,1164,168
1,3880,-102
1,1282,24
1,2896,-78
1,303,76
1,756,52
1,4260,180
1,3363,-44
1,2910,-50
1,1455,198
1,2328,58
1,2364,-104
1,2013,-106
1,1101,-92
1,1033,18
1,1436,-62
1,3701,24
1,4985,-94
1,739,-164
1,2085,-190
1,2103,-48
1,524,-54
1,463,162
1,4793,52
1,1502,92
1,3877,-12
1,716,-182
1,3298,-128
1,2780,88
1,3612,164
1,989,64
1,1829,96
1,212,34
1,754,94
1,3690,84
1,4180,42
1,4930,154
1,3853,-138
1,3231,110
1,1495,138
1,246,98
1,4048,104
1,285,68
1,300,-140
1,2539,-82
1,4826,-130
1,2504,-106
1,105,-16
1,1352,184
1,2699,4
1,3613,154
1,4347,-54
1,1275,102
1,2823,-188
1,860,120
1,2828,-114
1,2077,-12
1,437,30
1,3658,84
1,3665,-98
1,4095,-168
1,1579,124
1,3730,134
1,1831,170
1,1899,-38
1,4296,54
1,674,-42
1,549,176
1,937,110
1,896,118
1,2088,-38
1,1177,122
1,4772,96
1,3274,164
1,4243,152
1,1523,-8
1,2803,-160
1,3123,-4
1,1650,94
1,2321,86
1,1144,-138
1,46,160
1,3315,46
1,3120,-98
1,1401,-10
1,1592,170
1,984,196
1,3598,88
1,3829,-136
1,566,112
1,2179,-64
1,3593,-128
1,2772,44
1,114,106
1,1045,-8
1,33,-22
1,1727,112
1,4641,-146
1,2066,-86
1,3346,52
1,934,142
1,1051,-188
1,817,86
1,4204,-16
1,3603,-188
1,793,-174
1,3176,-84
1,1356,-78
1,1386,38
1,3993,-70
1,4385,-158
1,1372,-4
1,4139,38
1,1150,-116
1,3203,-8
1,3354,-6
1,1501,74
1,69,-60
1,1867,166
1,3509,-80
1,301,50
1,4123,130
1,2154,144
1,4682,104
1,4906,10
1,4730,116
1,4019,10
1,4755,-124
1,2369,-116
1,4029,186
1,4256,4
1,464,156
1,998,64
1,865,174
1,2698,-122
1,2375,14
1,3916,-118
1,2927,-136
1,4430,-152
1,2398,34
1,1783,-184
1,3999,36
1,4168,-20
1,4548,142
1,2959,-86
1,826,30
1,3662,-138
1,3370,-158
1,3096,-16
1,3362,14
1,4563,-48
1,3331,-80
1,787,58
1,556,26
1,1763,40
1,2211,-76
1,2713,-32
1,4353,46
1,4706,40
1,164,2
1,1137,56
1,4711,-176
1,2026,-166
1,2022,-78
1,699,-150
1,3868,176
1,3271,190
1,747,-142
1,961,178
1,209,168
1,3507,-72
1,1453,-138
1,3164,-162
1,1441,46
1,4444,34
1,4279,-50
1,2556,-174
1,1147,10
1,825,-130
1,3376,-92
1,1638,-174
1,525,-198
1,1094,12
1,2361,104
1,4132,-146
1,2935,-152
1,1873,-4
1,1043,-72
1,3435,186
1,1442,-116
1,1846,-122
1,1542,152
1,4295,-188
1,3573,-4
1,4337,-38
1,1194,-80
1,294,-54
1,1339,114
1,4564,-66
1,3476,-116
1,908,168
1,4648,106
1,3991,176
1,2098,-164
1,3175,-40
1,299,52
1,474,40
1,4712,30
1,4888,156
1,3214,20
1,4109,-184
1,2643,14
1,1921,-40
1,3207,-184
1,4739,108
1,2129,24
1,3439,32
1,232,-6
1,2930,-116
1,1531,114
1,3405,-90
1,419,64
1,2599,-152
1,626,-148
1,1879,46
1,2768,-150
1,3541,16
1,394,14
1,2857,-22
1,2619,110
1,4670,144
1,3112,-52
1,1477,22
1,3262,-174
1,3971,134
1,959,172
1,2295,-166
1,2312,20
1,1230,-14
1,1388,162
1,2798,96
1,453,54
1,3905,116
1,4910,188
1,578,-28
1,3920,38
1,3265,142
1,183,40
1,3178,-2
1,236,130
1,3006,-84
1,4275,-64
1,2480,194
1,2371,58
1,1724,86
1,4433,186
1,4215,152
1,1582,-22
1,333,64
1,3092,126
1,4719,-188
1,658,-80
1,704,-10
1,1450,38
1,1253,188
1,776,-20
1,86,178
1,2236,-144
1,2353,72
1,3494,162
1,4654,26
1,3807,64
1,1448,4
1,4420,-62
1,4600,-166
1,3601,-190
1,483,-82
1,3076,-54
1,2675,-156
1,649,22
1,2064,-106
1,4820,28
1,1822,-130
1,4890,-82
1,1586,180
1,3750,38
1,2068,88
1,3683,-76
1,1942,-134
1,822,-200
1,404,-182
1,2917,36
1,4964,-70
1,256,148
1,1112,58
1,1562,-192
1,2741,-110
1,4311,146
1,4323,-116
1,891,174
1,1632,128
1,3704,-178
1,4108,96
1,3323,80
1,742,32
1,3009,-136
1,1977,194
1,3663,-50
1,3801,176
1,3572,38
1,3085,-128
1,2145,86
1,3322,-146
1,3843,160
1,3238,12
1,1898,16
1,3241,82
1,2568,-44
1,3508,66
1,4638,-38
1,613,-4
1,4025,38
1,3135,-136
1,1623,2
1,3283,-52
1,2661,-72
1,4225,134
1,1443,118
1,4177,-2
1,3687,62
1,1905,36
1,1878,-42
1,791,-52
1,225,98
1,4876,50
1,4233,-136
1,226,-120
1,3406,178
1,812,166
1,4224,164
1,4067,156
1,4363,-22
1,247,8
1,1619,-88
1,3446,108
1,2189,-194
1,2613,-72
1,2736,-114
1,830,-170
1,3059,-14
1,850,-156
1,2781,116
1,2683,-170
1,3080,-120
1,4723,-116
1,981,-70
1,2385,-48
1,4129,48
1,799,-8
1,2939,22
1,1263,-88
1,3249,-82
1,3810,-28
1,1167,-106
1,4674,174
1,3500,-52
1,1461,-66
1,4688,190
1,4740,84
1,328,-18
1,2860,-58
1,2132,-172
1,352,174
1,3909,82
1,1231,12
1,4396,198
1,1257,-56
1,3894,138
1,1753,-40
1,2979,-190
1,3654,192
1,701,-122
1,4671,54
1,3065,-130
1,4319,-108
1,2090,92
1,1739,-58
1,2565,-60
1,499,-68
1,2419,-36
1,2747,138
1,485,-68
1,628,152
1,732,-110
1,1245,36
1,2175,-76
1,2775,-142
1,4792,-76
1,1140,28
1,2441,106
1,4119,-156
1,4873,-110
1,708,188
1,48,132
1,1915,-76
1,1106,-64
1,3181,-162
1,358,-156
1,568,138
1,480,60
1,867,-148
1,3527,-60
1,2379,-176
1,4482,16
1,3596,50
1,4911,56
1,4454,-200
1,4878,158
1,185,-64
1,2336,112
1,3134,26
1,507,196
1,1197,170
1,3686,184
1,683,-14
1,3515,138
1,2161,-196
1,1730,-192
1,2653,-114
1,465,168
1,1011,196
1,3062,-154
1,4021,-42
1,163,172
1,295,-22
1,2350,166
1,2172,-106
1,195,10
1,446,136
1,80,-68
1,4782,-104
1,4748,-54
1,2835,66
1,1655,56
1,2929,86
1,3604,158
1,1288,-132
1,2727,-66
1,4125,8
1,4845,14
1,3275,100
1,131,48
1,2572,76
1,3360,62
1,2735,170
1,831,134
1,666,-86
1,4971,-26
1,3789,42
1,1318,-68
1,4115,-28
1,3579,-122
1,4643,-90
1,3260,188
1,3416,-12
1,4404,142
1,3143,-140
1,4327,184
1,4066,-50
1,82,50
1,217,-26
1,335,-130
1,559,178
1,874,100
1,753,-196
1,3762,-142
1,594,-112
1,3587,122
1,3795,-56
1,4609,4
1,4683,-150
1,743,64
1,4545,-26
1,4356,-154
1,4011,98
1,94,-88
1,1376,114
1,1132,24
1,1480,-24
1,23,112
1,1726,82
1,3306,198
1,1722,-192
1,2151,-154
1,4924,102
1,2237,-92
1,581,2
1,1369,-38
1,2435,-22
1,2992,-172
1,2903,-142
1,2531,-146
1,859,-66
1,516,140
1,2867,-172
1,1060,134
1,757,-146
1,2382,-92
1,4579,154
1,4141,78
1,4271,-198
1,3782,78
1,2262,16
1,1421,-56
1,4593,70
1,479,166
1,693,-38
1,3039,12
1,2970,-130
1,1490,128
1,3610,-104
1,4574,90
1,4935,156
1,3086,-42
1,3463,48
1,2710,-26
1,2732,28
1,4284,-200
1,1248,-166
1,3958,118
1,4590,-184
1,311,-68
1,3983,-180
1,369,110
1,3547,-170
1,4842,-16
1,964,40
1,1199,-22
1,2346,62
1,3161,-70
1,54,-140
1,229,154
1,4469,56
1,469,192
1,3036,126
1,562,188
1,90,78
1,3146,76
1,2392,62
1,1946,-142
1,2253,-34
1,3892,-14
1,93,12
1,1678,-150
1,3667,-32
1,3865,108
1,1402,154
1,1607,-40
1,3410,184
1,3072,180
1,3714,-126
1,3132,-126
1,1533,-118
1,1664,174
1,3204,56
1,4642,38
1,599,-30
1,4572,-178
1,1906,168
1,3870,-122
1,1862,18
1,3633,24
1,1926,-22
1,3955,166
1,789,-154
1,1411,134
1,1138,-176
1,4667,92
1,1964,-94
1,4637,-102
1,1237,164
1,4209,138
1,2347,76
1,4872,-68
1,4767,58
1,3732,-128
1,3307,-46
1,2303,-70
1,362,76
1,267,-94
1,4752,-16
1,554,168
1,1588,-86
1,1119,38
1,1514,150
1,3404,-124
1,2345,-66
1,1972,-66
1,892,142
1,2975,78
1,3387,174
1,4544,-36
1,1817,76
1,2940,-56
1,839,-34
1,3139,64
1,176,-54
1,4606,72
1,2753,48
1,1190,-138
1,3899,144
1,2654,-28
1,3251,8
1,3350,116
1,374,-192
1,4676,-160
1,121,38
1,3846,124
1,2618,-28
1,2120,-28
1,4916,-102
1,2287,66
1,541,-86
1,4533,-42
1,1184,-110
1,4914,150
1,4725,-142
1,3969,-56
1,3698,128
1,3556,-124
1,2169,198
1,2430,180
1,2008,-98
1,3208,-176
1,2009,114
1,4622,76
1,1598,108
1,2800,106
1,2075,120
1,4932,118
1,240,134
1,3224,-34
1,761,-124
1,1553,-52
1,863,-30
1,4036,-140
1,1672,-36
1,1030,-184
1,3242,38
1,1992,-112
1,3872,-22
1,3141,6
1,1858,150
1,3558,48
1,4539,-178
1,2197,26
1,4464,-192
1,592,-42
1,2076,-34
1,2672,192
1,3951,148
1,3882,122
1,4146,-148
1,2437,192
1,1982,58
1,1348,-140
1,1306,24
1,2834,-172
1,1854,178
1,4596,-140
1,3514,44
1,2038,-200
1,1437,184
1,3540,78
1,2966,74
1,3300,20
1,4844,-72
1,4383,192
1,1853,38
1,4131,126
1,1312,124
1,1895,12
1,4301,-130
1,2657,-64
1,4135,16
1,4269,158
1,4856,62
1,3485,-188
1,414,-34
1,692,196
1,2663,102
1,4896,-40
1,1728,134
1,3228,38
1,4187,16
1,3726,32
1,4857,134
1,3367,10
1,1361,26
1,2049,-104
1,3197,66
1,1872,12
1,79,-44
1,1115,-148
1,1426,-162
1,1734,-88
1,1556,182
1,4685,-122
1,1521,6
1,906,-144
1,1525,88
1,4268,-54
1,4778,-116
1,4381,-20
1,2543,128
1,2184,-6
1,2676,188
1,4438,32
1,3602,-126
1,4100,-200
1,4773,-94
1,1663,184
1,2459,-10
1,4656,176
1,558,170
1,2606,162
1,1768,16
1,42,-68
1,2652,26
1,2096,158
1,1645,188
1,3310,-28
1,3128,-34
1,4134,-168
1,2305,-78
1,3712,170
1,2893,34
1,2084,-200
1,3209,-90
1,903,184
1,123,-46
1,957,144
1,987,-44
1,1252,-10
1,991,-106
1,902,-158
1,872,-52
1,2192,-178
1,3883,-124
1,4583,196
1,2639,-36
1,3472,170
1,2958,-116
1,4471,166
1,4171,104
1,242,-4
1,2003,-78
1,3328,-12
1,727,-82
1,1832,-74
1,1970,6
1,3680,-70
1,428,176
1,1457,-70
1,1374,94
1,641,62
1,4661,-154
1,513,182
1,1813,-60
1,2216,54
1,4986,138
1,828,-66
1,2163,158
1,1276,74
1,1313,180
1,3524,126
1,4784,-190
1,1258,-74
1,4614,-76
1,2485,-74
1,778,122
1,2118,-76
1,3115,52
1,4214,-114
1,2937,-54
1,2042,-64
1,1535,-136
1,120,-18
1,4160,6
1,4556,60
1,2853,-82
1,1614,-144
1,3034,142
1,4064,-118
1,3785,-138
1,3545,148
1,1710,-108
1,3159,-168
1,4050,-106
1,4580,-136
1,456,180
1,4306,-66
1,4072,-66
1,3094,112
1,60,128
1,1795,136
1,1943,-138
1,4988,94
1,4079,116
1,3554,-192
1,3673,-182
1,4248,128
1,2588,-30
1,4714,86
1,4099,-76
1,140,194
1,1816,174
1,2255,158
1,345,50
1,3304,-22
1,3236,-44
1,2595,182
1,4431,-2
1,2995,-180
1,2901,-146
1,1487,182
1,396,-92
1,2002,36
1,1855,-196
1,744,112
1,4128,116
1,3021,66
1,1565,30
1,58,-68
1,4474,174
1,373,-124
1,4263,58
1,2549,172
1,2944,-8
1,4329,-156
1,921,46
1,1243,134
1,81,-82
1,2662,-192
1,4799,-4
1,3158,106
1,4718,-82
1,2994,112
1,4059,180
1,3026,10
1,1757,44
1,4880,40
1,2579,34
1,1027,70
1,4668,52
1,1955,34
1,587,152
1,685,98
1,3491,-164
1,659,62
1,1297,-164
1,2575,-98
1,3674,-34
1,2553,-80
1,4136,-184
1,2311,-72
1,3742,-20
1,1741,-188
1,2125,22
1,4470,-88
1,654,-30
1,3542,-34
1,853,-112
1,3946,146
1,2677,146
1,1319,-130
1,307,76
1,1113,-136
1,4687,134
1,3912,140
1,1391,48
1,2956,-76
1,2025,-152
1,4997,154
1,4397,-84
1,1958,-142
1,2807,22
1,4127,190
1,3025,28
1,4198,66
1,1096,174
1,2456,60
1,2837,-128
1,2470,146
1,4277,-64
1,3166,88
1,2292,34
1,1047,-124
1,4367,120
1,3212,-182
1,1408,-36
1,1546,186
1,135,-78
1,1265,82
1,1773,8
1,4421,124
1,620,188
1,3152,16
1,1378,144
1,821,14
1,4958,96
1,2370,-150
1,3131,142
1,3066,74
1,3646,-38
1,182,-36
1,2655,100
1,4116,-160
1,1621,180
1,4702,-144
1,423,-50
1,4016,-104
1,2059,-172
1,1646,-100
1,2793,-180
1,4635,74
1,4708,84
1,4743,92
1,2052,90
1,197,-158
1,136,116
1,3486,-102
1,4864,-164
1,4607,-152
1,545,80
1,3424,-58
1,4901,-152
1,2373,-52
1,4164,-168
1,3054,-68
1,975,68
1,750,-46
1,3482,-98
1,4463,-180
1,265,164
1,2035,16
1,3297,160
1,2072,160
1,395,-72
1,4020,-120
1,2240,130
1,4817,-52
1,2051,-122
1,3122,58
1,925,-106
1,4972,-200
1,3355,-198
1,4475,-84
1,432,-82
1,2054,-22
1,4254,-104
1,2629,166
1,3452,62
1,3063,-92
1,4412,-140
1,2855,138
1,1703,-66
1,1815,142
1,4191,130
1,1148,20
1,2848,-192
1,3071,-58
1,2861,136
1,3190,54
1,1327,82
1,1183,186
1,795,188
1,4272,54
1,4700,-14
1,4264,192
1,759,166
1,1198,-48
1,3444,182
1,4276,-70
1,3192,128
1,2880,194
1,4358,-22
1,2833,-134
1,3110,74
1,4293,-192
1,3696,142
1,4429,122
1,3537,-144
1,3915,-166
1,4322,126
1,2961,-80
1,4831,182
1,2967,114
1,1228,198
1,1729,-50
1,3586,-150
1,1714,14
1,115,-112
1,3981,-52
1,2819,86
1,1576,-14
1,1866,174
1,2171,188
1,3739,10
1,2755,144
1,4636,-200
1,1759,22
1,4594,4
1,3069,72
1,782,138
1,3431,8
1,1527,104
1,841,-106
1,1549,86
1,3156,-178
1,2351,76
1,2306,-82
1,3884,-104
1,2600,38
1,2509,-122
1,4320,-22
1,280,160
1,2046,-126
1,1385,-36
1,1373,-2
1,2914,34
1,45,-148
1,2086,90
1,4512,48
1,4324,-86
1,3382,36
1,25,34
1,1226,178
1,3592,-148
1,4756,-80
1,2733,112
1,1497,-182
1,1736,-138
1,2268,-74
1,3335,8
1,3661,-36
1,496,42
1,2721,48
1,3828,156
1,1959,150
1,3615,26
1,3821,-66
1,348,-194
1,983,16
1,2895,-10
1,2235,22
1,3708,104
1,4787,-200
1,2659,-80
1,536,-68
1,4220,-10
1,4345,-14
1,1594,-134
1,4577,82
1,1449,194
1,3649,12
1,593,-154
1,498,-196
1,2812,6
1,3917,168
1,1718,-84
1,2254,-14
1,4699,-178
1,1087,-178
1,2016,-30
1,3464,86
1,4443,32
1,809,-104
1,3129,86
1,1151,188
1,1335,178
1,518,-22
1,1289,-44
1,746,-2
1,698,-40
1,511,-94
1,2308,180
1,3650,186
1,255,-156
1,591,156
1,370,-144
1,2589,22
1,2029,-106
1,1857,-128
1,3187,-30
1,2770,120
1,781,-92
1,4406,142
1,3869,168
1,3044,58
1,4023,28
1,201,-72
1,12,-188
1,4071,-90
1,3557,182
1,366,-76
1,657,-42
1,4061,82
1,1762,174
1,452,-198
1,1794,126
1,379,6
1,2656,62
1,1141,-192
1,3736,112
1,3834,110
1,1920,-56
1,2593,74
1,4736,30
1,3759,-80
1,2167,82
1,953,-94
1,4957,122
1,1810,-112
1,3760,-150
1,2971,178
1,4909,22
1,1960,176
1,3101,-120
1,600,128
1,2616,58
1,612,2
1,1387,-108
1,1903,-54
1,2095,-130
1,230,-76
1,1311,-148
1,633,-176
1,1880,86
1,4213,-152
1,943,152
1,636,86
1,1590,4
1,1463,-198
1,1735,52
1,113,-46
1,427,124
1,824,-108
1,3668,10
1,4304,160
1,4270,34
1,1105,-12
1,1384,82
1,1303,170
1,1564,-176
1,4738,-82
1,3956,50
1,4408,44
1,615,56
1,250,178
1,2127,170
1,1299,-200
1,3745,40
1,3281,-24
1,377,122
1,4472,-28
1,4691,-42
1,2795,158
1,3202,180
1,1052,182
1,2374,50
1,3425,-66
1,4317,-124
1,3770,84
1,3632,-166
1,3068,-42
1,2340,160
1,684,78
1,1055,-44
1,1023,152
1,450,-124
1,504,-52
1,3693,-10
1,1633,186
1,3614,-158
1,2401,90
1,4457,-20
1,4208,170
1,159,48
1,2620,58
1,3213,-70
1,2452,-100
1,3804,-12
1,1842,-52
1,1691,-176
1,4446,68
1,3595,10
1,2669,66
1,3903,-10
1,2422,-178
1,4280,-172
1,3591,-2
1,2706,74
1,166,-70
1,4083,32
1,2174,18
1,734,-56
1,3303,192
1,2554,-148
1,1723,146
1,3848,106
1,765,38
1,653,158
1,187,-134
1,146,-34
1,3590,24
1,775,48
1,3440,-12
1,3049,32
1,2313,-74
1,2875,-120
1,1351,48
1,3777,22
1,4693,-54
1,2384,-192
1,1826,-90
1,1772,-16
1,1708,-140
1,4536,146
1,1238,136
1,283,-78
1,3287,122
1,172,-30
1,1883,-164
1,2276,120
1,601,2
1,3791,6
1,3890,-60
1,4757,154
1,3854,-194
1,3532,182
1,2475,-30
1,2764,-116
1,31,42
1,3456,110
1,4669,180
1,70,138
1,2684,112
1,4230,66
1,4104,-68
1,3718,-28
1,1058,122
1,3402,198
1,3797,128
1,733,4
1,3634,64
1,3550,-82
1,605,16
1,3483,164
1,889,-188
1,1259,4
1,411,-96
1,3195,-196
1,2061,-138
1,1803,-40
1,3907,-96
1,2252,-194
1,3005,-90
1,729,182
1,191,94
1,2108,-170
1,3867,-16
1,4159,-28
1,4112,-130
1,3952,56
1,417,-44
1,3827,84
1,2358,138
1,3994,102
1,3709,-100
1,1496,-20
1,3393,92
1,3733,-116
1,4137,-144
1,3253,72
1,3939,116
1,1074,-106
1,16,120
1,2969,88
1,4467,-114
1,2858,-14
1,3637,198
1,2513,-54
1,3397,-146
1,967,2
1,2615,30
1,3028,-110
1,3125,102
1,3286,-160
1,852,-16
1,4919,-186
1,4193,38
1,994,-174
1,2782,126
1,2906,-112
1,4038,-6
1,3227,24
1,1048,184
1,1738,-34
1,422,10
1,3250,-198
1,2453,-16
1,4834,62
1,640,90
1,1575,134
1,528,-130
1,3484,-62
1,4780,180
1,1568,-12
1,1325,44
1,1213,90
1,1435,176
1,1187,182
1,4149,-126
1,4796,162
1,2438,172
1,1355,-190
1,3755,-18
1,3530,-200
1,1838,-36
1,1026,156
1,4411,92
1,4047,2
1,276,-140
1,1589,106
1,4663,44
1,3252,62
1,3772,-10
1,1089,-120
1,1843,-152
1,1733,-108
1,711,-136
1,325,22
1,3800,-4
1,1093,-142
1,3832,-174
1,1444,-56
1,2998,102
1,1755,-104
1,3606,-196
1,4080,120
1,4432,-38
1,1025,-120
1,4592,-196
1,681,-156
1,760,-86
1,2194,130
1,3575,66
1,3823,-10
1,2481,116
1,3510,-166
1,2036,14
1,1662,186
1,2466,-170
1,3124,152
1,919,166
1,1491,196
1,3806,10
1,2487,40
1,2578,-24
1,4891,-110
1,3040,144
1,1433,-12
1,2488,-100
1,2483,40
1,1697,166
1,4194,-120
1,1775,10
1,4417,164
1,2868,-122
1,1208,-112
1,4944,172
1,4766,14
1,1944,-152
1,2181,-116
1,3675,144
1,2256,46
1,988,-54
1,755,-90
1,4124,-124
1,1711,144
1,3914,-120
1,2687,-186
1,3873,-74
1,3467,-72
1,1404,132
1,2286,20
1,671,-50
1,1250,-188
1,2524,168
1,1988,-128
1,978,42
1,2749,-200
1,4041,-112
1,198,-86
1,1349,64
1,139,-164
1,1015,-26
1,4513,-26
1,1644,-142
1,3365,142
1,1551,182
1,83,150
1,2921,-12
1,2284,-148
1,4334,-66
1,3301,40
1,284,-20
1,2898,-72
1,2462,94
1,780,70
1,420,-116
1,1827,-18
1,4956,-162
1,1398,-62
1,4250,30
1,1447,106
1,952,-200
1,4022,-40
1,4811,52
1,4925,-58
1,1338,26
1,2496,-150
1,2443,-78
1,1956,-144
1,1890,52
1,1900,12
1,2330,84
1,3719,-110
1,992,168
1,703,44
1,563,142
1,367,166
1,4732,120
1,3910,-138
1,238,-24
1,3289,-48
1,4726,72
1,815,-20
1,4163,130
1,544,146
1,520,46
1,947,-106
1,4031,-76
1,949,58
1,104,-162
1,3332,-130
1,4520,28
1,802,82
1,416,24
1,3338,-112
1,4309,146
1,1863,-96
1,619,-164
1,960,-104
1,3279,-168
1,2214,108
1,2478,-46
1,1162,100
1,2041,-182
1,3972,-84
1,1100,112
1,1689,130
1,4133,-44
1,2334,2
1,4777,-142
1,1508,146
1,3379,126
1,3962,-114
1,2449,-46
1,2972,58
1,4734,122
1,804,70
1,3639,40
1,557,180
1,3564,-128
1,2829,-30
1,3989,190
1,4575,-74
1,3421,28
1,4955,118
1,832,-166
1,4969,-144
1,297,166
1,3451,-106
1,313,-60
1,3741,-76
1,2673,-160
1,44,-42
1,3694,96
1,2271,160
1,3458,30
1,2950,38
1,3386,-120
1,3285,-150
1,2343,-200
1,171,-200
1,4494,64
1,3150,78
1,813,66
1,2208,-132
1,2228,104
1,1821,160
1,34,56
1,3780,-136
1,2190,186
1,4744,-122
1,2778,28
1,3305,-42
1,4097,138
1,3567,-30
1,338,114
1,3082,90
1,2246,-70
1,1704,-22
1,4940,122
1,3312,94
1,1595,90
1,2730,-126
1,4886,-8
1,4934,-138
1,4724,198
1,1273,-46
1,710,-152
1,10,-180
1,1559,-84
1,2624,64
1,2717,114
1,4413,108
1,4696,-134
1,331,190
1,4665,-112
1,971,-160
1,3047,-38
1,3004,-180
1,3874,152
1,2486,-186
1,800,-122
1,648,-182
1,2296,152
1,1432,-34
1,84,-138
1,3499,32
1,522,110
1,4897,18
1,4551,60
1,2137,90
1,1440,110
1,1099,-94
1,2116,-78
1,3064,80
1,4651,-16
1,3876,-178
1,1090,-192
1,4498,184
1,4929,-30
1,2289,-130
1,2331,-58
1,2230,140
1,3836,-156
1,116,48
1,1471,-80
1,252,4
1,4561,198
1,4490,-102
1,1171,-164
1,57,24
1,4423,132
1,2526,-56
1,1358,-180
1,4478,134
1,1875,52
1,565,-74
1,4999,170
1,1637,-64
1,2913,108
1,1473,-50
1,2598,36
1,4515,72
1,3394,-152
1,4158,-22
1,3636,-118
1,3450,-2
1,40,-40
1,1877,-126
1,1493,-74
1,2186,-152
1,1413,156
1,4203,96
1,644,-30
1,4291,102
1,1602,-26
1,4805,66
1,3318,-184
1,4727,-180
1,1323,-32
1,3519,-112
1,3168,2
1,1341,56
1,4640,-58
1,4628,164
1,4673,82
1,2238,-174
1,3226,-44
1,1425,110
1,1591,154
1,1069,100
1,68,152
1,2067,-60
1,1166,-140
1,3842,94
1,4559,94
1,2259,-2
1,239,56
1,769,-182
1,235,152
1,2761,82
1,1520,-118
1,819,-12
1,2440,-186
1,4825,46
1,4308,-126
1,4089,176
1,1916,144
1,837,14
1,1577,106
1,2891,170
1,1859,-14
1,4002,102
1,3153,76
1,1910,-162
1,4690,24
1,310,-140
1,3415,122
1,2073,-80
1,3437,32
1,3923,36
1,3895,194
1,3320,-38
1,2139,-190
1,309,-128
1,392,152
1,4509,-74
1,1789,-6
1,1336,170
1,941,52
1,1397,-18
1,2489,196
1,2533,-108
1,1379,192
1,3078,78
1,3893,-68
1,393,-22
1,3841,-26
1,1506,44
1,3794,12
1,1547,110
1,4040,56
1,1424,76
1,1554,-110
1,1475,-118
1,269,-2
1,1294,-122
1,1668,130
1,4382,-88
1,3677,-142
1,3220,-138
1,4959,-176
1,488,106
1,2157,-110
1,4945,186
1,4801,-198
1,478,20
1,610,130
1,4538,-158
1,4987,18
1,1155,-66
1,1752,-10
1,3599,-186
1,3339,106
1,168,-116
1,3543,72
1,4010,124
1,78,92
1,2899,150
1,1225,90
1,109,-88
1,3060,-50
1,875,86
1,2434,80
1,884,-44
1,2852,-166
1,2030,-188
1,1847,-160
1,4981,-118
1,2152,-84
1,574,6
1,4339,58
1,4961,112
1,3765,68
1,2953,104
1,1680,-186
1,1715,-2
1,2338,164
1,2957,-20
1,3194,-48
1,1091,-56
1,142,-150
1,844,58
1,3216,60
1,4078,96
1,1894,-122
1,3259,-100
1,4033,32
1,2826,-164
1,4076,-166
1,1038,-158
1,3012,-180
1,2114,-146
1,1110,-20
1,948,52
1,766,128
1,939,128
1,2497,38
1,4240,-170
1,1200,192
1,3682,-2
1,1417,28
1,517,-142
1,3244,-18
1,1802,88
1,857,92
1,3480,112
1,1428,-102
1,1218,18
1,3077,6
1,3100,18
1,278,-122
1,3757,2
1,912,-200
1,359,-74
1,2104,-66
1,4049,-162
1,3478,-52
1,3389,-152
1,1639,198
1,4357,-188
1,458,-32
1,2149,140
1,567,78
1,1937,-196
1,4184,92
1,4391,188
1,4816,40
1,4389,64
1,4786,178
1,2107,74
1,397,122
1,4595,136
1,570,198
1,4695,100
1,4410,-130
1,1333,20
1,317,-2
1,2233,188
1,2936,130
1,4598,78
1,4623,-162
1,4807,90
1,112,-22
1,3103,-26
1,1180,46
1,1347,194
1,2859,-120
1,2367,122
1,1244,-154
1,2044,-34
1,3377,-128
1,181,-124
1,3075,46
1,4584,-160
1,2115,184
1,378,-102
1,155,-68
1,2840,194
1,4424,-72
1,4658,-44
1,108,190
1,510,96
1,1065,-40
1,1439,154
1,3522,100
1,2200,-42
1,150,18
1,910,-200
1,635,-20
1,4150,-200
1,3781,-18
1,3392,-4
1,2106,-90
1,4186,-156
1,4227,-190
1,1053,148
1,3616,-192
1,4602,-176
1,1967,-120
1,4234,24
1,2309,-194
1,1103,134
1,2065,54
1,2742,194
1,3038,188
1,337,-84
1,3887,-40
1,1869,-180
1,1195,20
1,4370,130
1,264,72
1,4090,96
1,751,42
1,4991,-72
1,2134,156
1,43,178
1,2150,122
1,2651,136
1,1304,-120
1,1189,94
1,1354,14
1,4966,-168
1,3374,-100
1,1538,58
1,3538,88
1,3933,-200
1,3623,20
1,156,-14
1,4850,-86
1,87,170
1,2484,188
1,4366,-198
1,219,162
1,547,84
1,1260,-110
1,4009,174
1,1563,110
1,2889,-176
1,3495,-112
1,4704,6
1,2207,-60
1,4292,-136
1,448,-96
1,2973,-192
1,286,-138
1,3824,192
1,535,198
1,1414,-124
1,130,52
1,4455,-130
1,97,122
1,3964,152
1,429,-72
1,1340,188
1,1615,2
1,1271,168
1,3950,182
1,65,170
1,1049,80
1,3655,-148
1,1005,-182
1,472,110
1,4882,-28
1,1479,184
1,148,152
1,597,-38
1,1071,-54
1,4051,132
1,3210,-78
1,926,-54
1,3722,-68
1,1235,-140
1,3400,60
1,3943,56
1,2810,38
1,3443,138
1,2210,-22
1,4105,-170
1,442,186
1,3896,-72
1,1085,168
1,2138,60
1,4531,-42
1,4252,-4
1,14,172
1,2170,-156
1,3569,-12
1,2232,26
1,3465,-2
1,3420,-146
1,1287,44
1,3390,-84
1,2841,168
1,2954,-130
1,897,-146
1,4560,140
1,15,-178
1,2278,-22
1,1657,-170
1,1764,62
1,1530,-176
1,2689,-146
1,929,102
1,1427,-18
1,2564,96
1,2294,-114
1,1712,-168
1,1084,-126
1,2518,108
1,3498,8
1,3057,140
1,2314,-20
1,4173,-26
1,3321,14
1,870,112
1,974,-134
1,3669,-146
1,312,-36
1,76,-2
1,490,96
1,3692,128
1,3282,-10
1,4537,150
1,3174,158
1,1175,120
1,2146,154
1,3302,-134
1,888,162
1,1484,46
1,1909,-68
1,3396,-162
1,3768,-46
1,4791,-180
1,4904,-78
1,3793,-16
1,4521,152
1,1241,70
1,470,-58
1,3504,-114
1,2285,-156
1,1097,-90
1,3720,74
1,3525,-46
1,4950,-116
1,4398,-166
1,4167,-188
1,4179,46
1,1641,-150
1,1953,-142
1,4161,-96
1,2981,-140
1,904,120
1,330,168
1,481,-72
1,4789,-106
1,1041,-72
1,2260,-120
1,500,-16
1,1211,154
1,2878,-88
1,4088,136
1,4286,-94
1,2117,24
1,2421,-32
1,3837,136
1,1360,70
1,3221,-28
1,2946,-164
1,2748,-164
1,1881,-134
1,3409,-160
1,4977,-180
1,2463,-164
1,3029,-174
1,4238,-16
1,4024,20
1,847,130
1,3130,-148
1,1399,80
1,3819,-80
1,4297,-166
1,3605,-14
1,4012,160
1,350,-6
1,3157,130
1,792,-128
1,3091,-88
1,609,-130
1,2251,192
1,2160,-134
1,4851,108
1,3002,132
1,1324,-26
1,289,12
1,3371,-52
1,4290,-176
1,3642,-182
1,2544,-64
1,3111,-100
1,4084,80
1,2153,114
1,3447,-94
1,4812,152
1,124,-192
1,2846,2
1,1510,-94
1,2811,114
1,281,96
1,3378,-42
1,3551,-188
1,390,-96
1,4361,-154
1,2941,-40
1,1298,-120
1,2646,172
1,3019,-134
1,1797,-40
1,2668,-156
1,4659,-96
1,222,-162
1,4808,-188
1,797,-116
1,1584,-150
1,1370,40
1,132,-92
1,598,146
1,3651,156
1,1073,160
1,4057,-178
1,4970,36
1,3980,150
1,740,20
1,4218,116
1,2559,166
1,2,188
1,4557,64
1,4624,120
1,4196,70
1,3266,-86
1,2566,40
1,1780,82
1,4819,14
1,4567,102
1,2540,196
1,2630,58
1,4035,-46
1,1042,-114
1,1812,170
1,147,-8
1,2664,-134
1,319,88
1,1792,-80
1,2815,-4
1,1989,66
1,1079,-30
1,1459,-62
1,4913,-62
1,2920,-192
1,4634,-172
1,3243,158
1,1976,-138
1,2744,-112
1,4632,172
1,1032,-124
1,2089,20
1,3796,-74
1,4257,196
1,2827,-8
1,2446,104
1,4534,-28
1,4402,-24
1,2063,182
1,4951,-78
1,4737,-76
1,2942,90
1,589,108
1,4921,194
1,1210,92
1,2636,-180
1,1452,-34
1,1290,12
1,4206,-160
1,741,-166
1,3011,44
1,3787,-182
1,537,-130
1,62,-194
1,211,96
1,2395,-14
1,3270,-126
1,4618,-88
1,2159,-2
1,3647,194
1,1749,190
1,758,198
1,2862,20
1,1808,32
1,2650,18
1,2773,-94
1,1963,-128
1,4855,-178
1,386,-186
1,4456,8
1,2301,-172
1,1390,164
1,2991,-118
1,1670,108
1,2870,6
1,4403,-88
1,2227,-140
1,932,78
1,2300,-138
1,3948,-184
1,2247,-152
1,3901,56
1,595,-26
1,3839,-34
1,1698,192
1,3929,-192
1,4581,74
1,1465,34
1,4852,146
1,1044,-192
1,1380,-44
1,2785,130
1,4106,136
1,2467,-66
1,21,16
1,290,-74
1,3815,160
1,272,-16
1,4480,-24
1,944,-82
1,4989,-198
1,4157,-72
1,4751,122
1,1882,-24
1,1131,-56
1,2491,-6
1,376,-178
1,4923,176
1,1534,70
1,2397,144
1,4489,-192
1,2078,6
1,3170,104
1,2682,-86
1,3408,-46
1,1046,62
1,1158,122
1,4783,194
1,4507,2
1,492,68
1,4768,126
1,1966,-148
1,2801,126
1,4565,-102
1,2503,54
1,2836,-42
1,1732,-134
1,3856,158
1,4501,186
1,1700,174
1,2427,144
1,3258,70
1,4962,120
1,3441,-12
1,3240,142
1,4703,82
1,1419,-132
1,1246,182
1,4616,-160
1,1454,-110
1,1280,-66
1,886,164
1,3359,6
1,4597,-6
1,6,66
1,2093,148
1,4770,40
1,848,70
1,3617,-56
1,326,52
1,2667,32
1,1888,14
1,4728,164
1,954,-50
1,2960,26
1,2021,42
1,184,-40
1,4266,-196
1,827,-4
1,1770,-112
1,4241,78
1,365,-88
1,4032,110
1,3417,-170
1,2400,-196
1,866,-132
1,4436,-88
1,1555,-108
1,4858,-102
1,1305,-30
1,4889,68
1,3913,92
1,2635,70
1,3445,-2
1,2272,-92
1,1470,-166
1,401,-128
1,862,144
1,2239,-34
1,803,96
1,2444,-66
1,4875,-4
1,2999,-78
1,1994,-182
1,1410,30
1,3761,-112
1,126,-96
1,1320,132
1,1396,-34
1,1545,-200
1,1446,-4
1,3140,50
1,652,130
1,4764,164
1,3106,-126
1,533,-58
1,1654,-66
1,2831,-136
1,2644,-188
1,3881,8
1,2638,20
1,4338,-134
1,2339,182
1,3549,82
1,3340,6
1,3027,-22
1,3357,-174
1,4829,-188
1,3786,-188
1,1254,138
1,1481,160
1,2907,-58
1,1121,-128
1,56,186
1,3699,62
1,4082,-46
1,968,-68
1,3676,194
1,586,-134
1,1063,50
1,1609,172
1,2745,164
1,3945,190
1,3432,-60
1,3462,100
1,1634,66
1,4386,172
1,486,-96
1,3582,-190
1,2011,62
1,2414,-196
1,2779,-50
1,3648,58
1,2993,-148
1,1804,102
1,2542,94
1,1787,66
1,3234,-44
1,2290,-16
1,1766,-188
1,4794,-50
1,2850,136
1,3489,6
1,3119,50
1,656,64
1,1984,56
1,9,-160
1,4976,-112
1,3862,74
1,2642,-160
1,1274,-40
1,4810,158
1,2908,66
1,4631,-186
1,1830,120
1,4148,-158
1,3934,-124
1,282,-150
1,4519,-6
1,2871,-152
1,2122,-34
1,1681,-62
1,4678,-24
1,71,46
1,3620,-192
1,2363,-160
1,4504,54
1,372,64
1,668,-182
1,3030,-192
1,41,-44
1,735,-120
1,1682,-88
1,1913,-172
1,4229,158
1,1075,-96
1,2863,90
1,4479,14
1,3926,114
1,3116,-184
1,1849,-82
1,3891,-104
1,2126,160
1,2182,-160
1,3641,104
1,2731,-54
1,2327,36
1,3776,96
1,2507,-80
1,3978,-172
1,3477,-86
1,4153,-44
1,512,-178
1,2074,-6
1,218,102
1,749,26
1,1431,-10
1,4753,48
1,3539,-192
1,39,80
1,4742,-136
1,3056,-148
1,526,-28
1,2723,188
1,2550,-132
1,1021,-50
1,1292,178
1,1028,-64
1,1034,42
1,192,196
1,2404,30
1,1941,-46
1,3041,-36
1,625,-14
1,2737,-116
1,3090,26
1,1671,52
1,1617,-2
1,1092,166
1,2349,34
1,4902,-120
1,3816,-6
1,2633,186
1,1185,-126
1,829,150
1,1403,-188
1,3144,-90
1,1865,-48
1,254,-46
1,3847,38
1,4395,98
1,4200,104
1,1332,124
1,2112,-130
1,1572,-118
1,909,4
1,3219,-154
1,1014,58
1,1750,98
1,2266,196
1,4874,94
1,4788,188
1,3976,112
1,3930,-138
1,151,74
1,3414,-50
1,3361,-94
1,4007,78
1,1127,22
1,1931,-132
1,1737,-4
1,1776,-82
1,607,-44
1,2977,-40
1,840,132
1,4246,-188
1,856,-130
1,1229,64
1,3149,-92
1,2631,-150
1,1035,-144
1,1169,98
1,1676,188
1,3055,82
1,170,116
1,2297,-104
1,2538,172
1,2754,-134
1,95,-32
1,418,-168
1,3954,10
1,3900,10
1,1405,50
1,3860,130
1,3706,114
1,1785,-4
1,767,192
1,3296,86
1,2762,-60
1,1488,-130
1,2019,154
1,3784,-160
1,2001,-144
1,2015,-96
1,4232,90
1,355,-144
1,1669,-26
1,2962,-8
1,2356,118
1,2474,116
1,3711,164
1,4281,-100
1,3664,10
1,1000,-58
1,1135,18
1,2783,24
1,50,110
1,3050,40
1,1612,-134
1,4441,94
1,4868,54
1,670,186
1,487,-154
1,785,-142
1,2402,-46
1,1835,66
1,2916,-44
1,697,40
1,2625,-2
1,2012,30
1,3608,156
1,2876,150
1,3337,188
1,4378,-132
1,2465,-190
1,2156,-44
1,4993,78
1,4075,52
1,1907,78
1,3583,-122
1,3434,164
1,4056,114
1,3188,-98
1,2830,-84
1,2418,130
1,1036,-76
1,3001,-132
1,1078,136
1,667,-180
1,157,168
1,2555,-198
1,2329,-174
1,1001,144
1,1683,-96
1,385,-6
1,2515,132
1,1302,-118
1,482,148
1,3826,12
1,3385,160
1,274,-108
1,4349,56
1,4586,46
1,4599,-50
1,1267,14
1,4505,-64
1,2006,-196
1,1503,-92
1,4371,34
1,696,-10
1,4487,76
1,434,-12
1,1188,-70
1,1996,-72
1,1743,-30
1,1482,-30
1,1825,162
1,548,-64
1,2031,126
1,2567,52
1,1760,26
1,3932,16
1,199,88
1,2056,132
1,995,-98
1,647,120
1,4216,-104
1,1422,-186
1,3292,184
1,2952,40
1,1163,126
1,1811,-50
1,2722,-162
1,1122,70
1,75,54
1,145,60
1,1608,-18
1,3987,-82
1,2164,74
1,1719,110
1,4776,-102
1,4188,-2
1,2224,-176
1,702,114
1,2792,48
1,1557,-48
1,4274,-34
1,2562,192
1,237,-138
1,1283,-134
1,3566,14
1,3863,-60
1,4747,164
1,2532,-148
1,4450,124
1,4980,10
1,3886,182
1,1212,66
1,3570,-132
1,1116,-100
1,502,112
1,2563,-118
1,1233,-114
1,2111,-26
1,4741,-126
1,3618,132
1,466,-38
1,3222,-174
1,2724,-184
1,440,-172
1,4899,-82
1,4705,-26
1,387,194
1,4800,178
1,4235,126
1,3454,166
1,4759,54
1,4017,152
1,1157,-6
1,263,158
1,1627,-18
1,3334,138
1,3309,-72
1,61,-188
1,4245,-46
1,527,-84
1,3438,150
1,4511,30
1,2283,-162
1,726,122
1,3017,-118
1,4570,-152
1,4692,124
1,1310,136
1,2433,-120
1,966,-2
1,4540,176
1,4960,26
1,1986,-194
1,880,-152
1,315,-10
1,2136,-32
1,4360,52
1,3988,-184
1,1901,2
1,564,106
1,4244,-12
1,1039,-82
1,770,128
1,2258,132
1,1375,26
1,885,-22
1,3520,-70
1,2050,-104
1,3544,-4
1,177,84
1,2495,-10
1,4422,-186
1,3010,10
1,430,30
1,935,-24
1,2325,16
1,5,-20
1,4375,-86
1,927,50
1,2637,-188
1,1604,-136
1,843,140
1,1315,48
1,1917,116
1,4485,150
1,47,-164
1,660,154
1,4426,6
1,1279,176
1,3468,62
1,321,-46
1,2997,-38
1,2119,144
1,1350,178
1,1389,134
1,1695,34
6,2123,50
6,1173,-158
6,4610,4
6,2588,-122
6,290,92
6,2229,-96
6,2314,-142
6,4179,106
6,1885,44
6,3837,136
6,1584,38
6,1670,98
6,2247,-80
6,648,-56
6,3155,-110
6,266,-86
6,3489,-144
6,2918,-96
6,2779,90
6,4957,116
6,19,-138
6,3602,-184
6,4467,-128
6,3095,-186
6,3828,102
6,4715,-66
6,643,-98
6,1546,-110
6,2427,-168
6,817,-160
6,2872,-106
6,2138,-184
6,2192,192
6,2669,-192
6,864,-190
6,4300,198
6,3628,150
6,3592,-110
6,3373,-8
6,1931,22
6,529,180
6,4063,60
6,4435,116
6,3584,44
6,1533,4
6,556,68
6,3893,-170
6,2801,-18
6,931,42
6,2599,84
6,4194,-188
6,793,-4
6,2470,22
6,4036,130
6,4176,70
6,4384,166
6,2895,-6
6,1770,56
6,3918,92
6,3151,-164
6,4167,-28
6,4359,-194
6,712,182
6,2578,58
6,4881,-156
6,4306,166
6,4051,12
6,2165,-38
6,3149,156
6,4411,-40
6,1947,116
6,1573,-86
6,4357,126
6,3646,-178
6,200,40
6,2378,124
6,4069,-194
6,90,-146
6,591,-136
6,92,-54
6,3658,116
6,2104,-192
6,3816,-182
6,1966,104
6,4157,136
6,590,176
6,4332,-82
6,2081,-136
6,3639,72
6,3315,154
6,786,116
6,4117,64
6,1889,146
6,4046,20
6,3785,62
6,1178,-140
6,1278,-194
6,2966,44
6,302,-166
6,2345,-38
6,4869,-134
6,3216,-106
6,3316,-76
6,4515,-174
6,62,-22
6,858,-28
6,538,-136
6,1341,-40
6,4792,138
6,818,54
6,3108,118
6,975,22
6,4638,-4
6,3653,28
6,3304,140
6,1712,168
6,790,84
6,581,30
6,2042,-60
6,352,-76
6,2303,-62
6,1074,72
6,2032,80
6,4369,6
6,1883,90
6,4346,124
6,1261,-200
6,232,48
6,957,26
6,4730,-130
6,4338,188
6,2182,-110
6,1095,128
6,3930,198
6,3537,42
6,3493,-38
6,3382,112
6,1303,-114
6,4315,-16
6,697,-66
6,307,-50
6,2024,-48
6,314,82
6,3475,-46
6,1403,156
6,4377,-30
6,3399,-184
6,35,26
6,2118,-40
6,360,-26
6,408,-64
6,4676,122
6,4702,10
6,3110,-72
6,3934,-148
6,2093,134
6,137,70
6,2871,-190
6,979,-96
6,4916,64
6,1485,162
6,2415,32
6,3377,90
6,467,196
6,4934,126
6,4719,54
6,1923,-94
6,2598,122
6,2652,-138
6,1800,-100
6,1016,60
6,1749,-72
6,3318,-32
6,685,-176
6,1457,142
6,369,114
6,4447,-186
6,4614,-86
6,1345,46
6,4118,-20
6,179,4
6,2756,-28
6,1133,70
6,1480,-80
6,3067,160
6,4029,196
6,4627,-50
6,2412,26
6,1921,126
6,2473,2
6,959,12
6,3288,-14
6,1072,-54
6,1489,178
6,4768,92
6,1934,-166
6,2017,142
6,4975,24
6,3938,94
6,3036,-198
6,3262,-142
6,2200,156
6,1400,142
6,4854,-116
6,4283,-180
6,879,138
6,4769,-164
6,4972,60
6,4214,-194
6,3695,20
6,871,130
6,706,198
6,2690,122
6,2260,-100
6,4582,116
6,3868,6
6,1578,-36
6,1968,-128
6,1253,142
6,3050,14
6,4439,8
6,3129,-166
6,1667,-152
6,4390,74
6,28,192
6,3610,-152
6,1620,-34
12,2907,-100
12,1345,160
12,3914,-182
12,3786,152
12,4669,48
12,3769,130
12,3830,-18
12,928,50
12,1779,24
12,3104,26
12,2445,-110
12,3089,-62
12,4466,-180
12,164,-36
12,4000,86
12,2758,118
12,3574,58
12,351,-86
12,201,-32
12,2553,130
12,3929,-44
12,1052,168
12,4433,-48
12,287,-60
12,2679,30
12,1796,172
12,3559,168
12,107,-68
12,2554,-172
12,3514,-34
12,117,170
12,1269,-196
12,741,-86
12,23,-148
12,361,84
12,4094,174
12,4796,-196
17,1451,110
17,217,148
17,2755,-72
17,628,160
17,3268,94
17,567,-180
17,3759,-152
17,2491,180
17,2021,-194
17,3531,-36
17,2507,-94
17,3556,-82
17,2192,110
17,4410,74
17,2923,126
17,729,-42
17,3329,120
17,474,-84
17,4781,144
17,606,156
17,3571,-110
17,1243,80
17,3603,-16
17,3755,62
17,4371,138
17,3879,108
17,1900,70
17,3744,8
17,4848,-110
17,2265,70
17,3146,-150
17,676,-200
17,4054,22
17,710,176
17,923,-22
17,3400,-124
17,408,72
17,4244,-148
17,1110,194
17,3593,94
17,4599,184
17,1789,-170
17,3960,190
17,1491,-68
17,3585,-158
17,3851,-56
17,4201,166
17,1482,38
17,1281,168
17,3943,162
17,4855,70
17,875,68
17,112,-50
17,202,-200
17,4714,162
17,2654,78
17,995,-174
17,4121,92
17,4753,-164
17,1532,-48
17,1390,14
17,531,-54
17,1618,20
17,4142,48
17,365,-16
17,3372,110
17,2825,84
17,1373,-76
17,2858,-156
17,2238,140
17,3475,-182
17,4445,126
17,4469,180
17,3577,152
17,3363,82
17,4044,-10
17,3976,-134
17,985,-12
17,2159,-124
17,1527,118
17,3373,-42
17,1037,98
17,4619,-2
17,3174,124
17,1990,-156
17,2245,-152
17,2103,192
17,2231,66
17,1043,-22
17,4459,174
17,2521,-190
17,4105,-164
17,2708,-164
17,1330,18
17,3656,20
17,3906,-12
17,1081,-28
17,3606,78
17,824,-176
17,3620,-30
17,3251,154
17,2116,188
17,3568,-50
17,48,116
17,1441,-48
17,3736,-156
17,945,-62
17,3269,48
17,3642,-86
17,3120,188
17,1984,196
17,355,74
17,3306,-66
17,4533,142
17,4796,-62
17,1918,-38
17,4186,196
17,369,-186
17,2987,26
17,1193,-146
17,1387,164
17,3994,-68
17,3003,132
17,1897,120
17,2548,26
17,4800,-42
17,1554,112
17,2811,88
17,3033,128
17,4073,146
17,1064,-174
17,4198,128
17,1393,26
17,1198,12
17,3898,-50
17,341,-36
17,2862,-32
17,4292,-144
17,1206,-104
17,1575,-198
17,3307,194
17,4601,-24
17,1541,-62
17,1927,-76
17,3520,36
17,1406,-32
17,2014,96
17,448,-148
17,1721,180
17,3868,-156
17,4094,-2
17,34,-124
17,497,-86
17,2912,-112
17,1404,82
17,3220,98
17,2711,-168
17,1603,112
17,4686,-126
17,4773,-22
17,3713,-140
17,4097,-86
17,2335,-20
17,1280,-168
17,3246,38
17,4950,-156
17,50,94
17,2665,-10
17,1775,-194
17,3589,-56
17,4047,-52
17,66,-104
17,4224,16
17,2745,-150
17,188,-138
17,4674,-146
17,4040,-100
17,2889,134
17,4858,-128
17,667,156
17,933,-88
17,1971,-42
17,3853,-58
17,4141,188
17,2177,-196
17,618,180
17,4859,78
17,793,20
17,1251,-20
17,2445,76
17,2323,66
17,4234,78
17,1351,-152
17,2831,-150
17,2276,170
17,2207,-42
17,3835,126
17,2078,-160
17,1122,-104
17,609,-34
17,769,34
17,784,-82
17,2930,10
17,2390,178
17,168,44
17,4780,-164
17,3257,76
17,2480,-46
17,4135,-2
17,980,60
17,2435,168
17,4023,54
17,2817,12
17,791,192
17,4838,160
17,1475,186
17,3187,78
17,4002,-78
17,2449,-112
17,3675,-88
17,3381,58
17,1751,164
17,4751,-80
17,3162,102
17,3190,-192
17,752,106
17,1233,124
17,859,-164
17,4415,-140
17,3861,142
17,4729,92
17,3942,10
17,2700,-40
17,2001,78
17,240,124
17,2191,-22
17,4215,170
17,4692,32
17,2016,48
17,163,-58
17,4750,6
17,350,-152
17,31,104
17,2139,80
17,2176,-118
17,2827,84
17,848,-146
17,792,22
17,509,-176
17,4841,-10
17,4836,-52
17,4333,142
17,1013,158
17,3025,-132
17,3071,-108
17,1075,124
17,469,-102
17,1916,-28
17,4484,-122
17,736,-48
17,2857,-118
17,4478,84
17,96,-82
17,912,-86
17,4883,192
17,4389,-136
17,4437,-198
17,719,120
17,3005,104
17,1374,-84
17,2429,108
17,3682,166
17,2810,22
17,2614,64
17,505,-78
17,2266,140
17,4061,6
17,2985,190
17,2797,-46
17,4932,8
17,3927,-20
17,3809,126
17,489,46
17,2259,-6
17,2714,74
17,4355,28
17,3961,-30
17,1415,-146
17,992,-106
17,400,174
17,4405,-34
17,4056,-76
17,4100,-198
17,1568,-156
17,3818,-100
17,2274,22
17,1126,-42
17,3324,110
17,2604,30
17,3500,-200
17,1566,84
17,919,-172
17,4620,-116
17,4622,64
17,1316,198
17,4120,4
17,1655,48
17,3459,-126
17,1614,-76
17,242,140
17,4299,-100
17,951,-36
17,3070,106
17,294,-8
17,4306,146
17,788,78
17,1633,-16
17,3074,78
17,4071,-144
17,2277,8
17,4506,-80
17,3315,-120
17,1492,94
17,4554,-110
17,2602,114
17,2261,-124
17,1832,-122
17,386,156
17,528,-198
17,1412,184
17,3351,110
17,390,38
17,1226,-186
17,3639,-140
17,3793,-124
17,841,174
17,1378,-36
17,235,86
17,114,-156
17,3139,76
17,809,40
17,2151,162
17,411,-64
17,1319,-178
17,4087,-130
17,4904,-88
17,1588,106
17,1061,-18
17,67,186
17,2254,-22
17,3978,86
17,2474,-158
17,956,182
17,4305,12
17,2011,-62
17,1889,76
17,1763,-32
17,994,-124
17,82,148
17,1188,98
17,377,-142
17,3,114
17,684,120
17,3728,114
17,764,128
17,266,-96
17,2483,114
17,2730,106
17,725,66
17,2841,-94
17,2424,166
17,2414,62
17,4863,-44
17,2476,-130
17,1065,-76
17,2292,60
17,2893,-88
17,4399,-42
17,4466,-170
17,4947,134
17,47,38
17,2165,66
17,3662,96
17,2565,-184
17,3326,180
17,4928,140
17,2667,198
17,756,-146
17,3245,-112
17,1453,-86
17,905,-144
17,2455,-12
17,3488,40
17,3764,-88
17,779,-136
17,1791,194
17,1602,14
17,4740,62
17,4509,-170
17,3844,60
17,3676,-24
17,3858,180
17,1006,-40
17,2701,98
17,232,-38
17,3654,-10
17,4587,90
17,2134,-88
17,3837,104
17,1691,-146
17,1224,134
17,4971,100
17,2204,70
17,898,80
17,1870,142
17,152,40
17,1352,-108
17,172,-182
17,1430,-120
17,3434,-54
17,3200,152
17,1899,182
17,1360,-172
17,693,176
17,100,-54
17,3443,-98
17,3050,146
17,1921,-84
17,428,150
17,587,34
17,2968,-124
17,3205,50
17,256,-118
17,1474,-100
17,721,-102
17,3008,8
17,2628,-70
17,4503,136
17,2290,-86
17,4211,52
17,1732,-194
17,4902,152
17,2178,60
17,1581,-138
17,3227,148
17,1997,86
17,4591,190
17,1853,-166
17,3013,-72
17,2717,-42
17,1456,-128
17,3113,180
17,2917,-40
17,1312,-2
17,561,-84
17,2105,-12
17,2054,122
17,1599,-128
17,579,144
17,162,56
17,775,-96
17,57,-78
17,1190,84
17,4045,-100
17,546,-174
17,2981,14
17,4907,-6
17,4143,-84
17,1414,158
17,2416,-200
17,4084,88
17,3389,-90
17,3204,64
17,1413,88
17,2630,-166
17,572,-24
17,1741,-92
17,3928,-108
17,348,152
17,845,100
17,2666,6
17,4593,-160
17,4792,112
17,3591,174
17,2500,146
17,543,-2
17,216,-182
17,2901,-34
17,4394,-96
17,1370,52
17,286,68
17,3060,-142
17,4222,-16
17,51,-92
17,1726,-72
17,4567,-160
17,1400,-188
17,3437,-114
17,3304,-66
17,2718,4
17,4534,-6
17,3323,-198
17,749,150
17,524,190
17,655,-108
17,4602,140
17,4495,-2
17,2954,-148
17,2109,-130
17,1939,-36
17,1205,-6
17,4083,158
17,4063,144
17,265,-100
17,3335,-30
17,712,118
17,913,-198
17,1735,-168
17,1446,-156
17,2137,142
17,332,-110
17,3850,78
17,708,190
17,421,-60
17,253,186
17,999,-172
17,293,102
17,1241,-62
17,169,176
17,2782,-60
17,37,198
17,1445,60
17,4392,112
17,2368,-160
17,1821,66
17,2443,40
17,4745,-180
17,4379,194
17,1663,108
17,4182,174
17,4303,-58
17,3947,16
17,2525,-148
17,131,118
17,4232,-16
17,3418,-136
17,2218,-192
17,3017,-184
17,1187,80
17,4295,-14
17,4835,34
17,2813,-24
17,1518,66
17,4199,4
17,4644,-54
17,6,126
17,711,48
17,12,154
17,1714,-106
17,4523,-36
17,4267,-180
17,4185,88
17,3419,58
17,4951,-188
17,3283,8
17,3605,-88
17,2648,-140
17,3597,40
17,3983,172
17,178,146
17,2611,-40
17,4514,-44
17,554,68
17,3390,-14
17,4000,-12
17,1380,-184
17,1597,-184
17,3530,24
17,2005,42
17,1947,58
17,1301,14
17,3090,-30
17,3396,-170
17,1071,-198
17,4918,194
17,3785,100
17,4288,34
17,1773,110
17,3806,54
17,2215,-116
17,238,48
17,733,88
17,3890,126
17,1228,64
17,4238,-156
17,4912,-164
17,768,56
17,3384,108
17,2425,-116
17,3425,-152
17,4549,162
17,714,-190
17,86,-40
17,1579,-50
17,2017,-152
17,3487,36
17,3428,42
17,3715,146
17,1272,-84
17,3814,36
17,1625,-92
17,2409,102
151,4846,-52
151,2852,102
151,1398,60
151,1966,134
151,4157,94
151,3242,-28
151,1531,192
151,775,46
151,2462,-48
151,116,194
151,1350,186
151,2746,-16
151,3244,192
151,2848,-44
151,627,-186
151,4619,-6
151,1640,32
151,2223,-92
151,2946,-128
151,2422,-22
151,4728,198
151,237,-174
151,3058,150
151,968,-24
151,4539,-68
151,2832,118
151,3928,126
151,1020,64
151,2007,-44
151,2894,42
151,1563,-166
151,842,-180
151,4731,-54
151,2204,62
151,813,50
151,3900,94
151,3762,64
566,3198,180
566,1710,162
566,1065,184
566,4282,18
566,2509,80
566,1719,-56
566,3333,-196
566,2594,-198
566,1473,78
566,699,-26
566,945,-90
566,137,-86
566,1226,158
566,4989,84
566,2703,-200
566,4717,198
566,2205,24
1196,3327,-60
1196,2229,2
1196,2457,-112
1196,4949,86
1196,3803,44
1196,3100,-168
1261,3735,-142
1261,4967,-128
1261,4708,-166
1261,1539,-180
1261,1569,-82
1261,3271,172
1261,4165,194
1261,602,106
1334,2065,-42
3085,4975,-126
3085,3907,72
3085,546,-110
3085,184,142
